SYMBOL,DATE,vwap
A,2014-01-01,39.93048
A,2014-01-02,39.91199
A,2014-01-03,40.00017
A,2014-01-04,39.92623
A,2014-01-05,39.94879
A,2014-01-06,39.93012
A,2014-01-07,39.9929
A,2014-01-13,39.95868
A,2014-01-14,39.95502
A,2014-01-15,39.98698
A,2014-01-16,39.93839
A,2014-01-17,39.97731
A,2014-01-18,40.04608
A,2014-01-19,40.00184
A,2014-01-20,39.867
A,2014-01-21,39.89251
A,2014-01-22,39.95816
A,2014-01-23,39.99699
A,2014-01-24,39.89489
A,2014-01-25,39.94507
A,2014-01-26,39.99246
A,2014-01-27,39.93917
A,2014-01-28,39.99573
A,2014-01-29,39.93555
A,2014-01-30,39.93754
A,2014-01-31,39.98806
A,2014-02-01,39.9492
A,2014-02-02,39.9656
A,2014-02-03,40.03025
A,2014-02-04,39.91507
A,2014-02-05,39.94482
A,2014-02-06,39.92829
A,2014-02-07,39.99587
A,2014-02-13,39.95203
A,2014-02-14,39.90747
A,2014-02-15,39.94753
A,2014-02-16,39.92647
A,2014-02-17,39.99311
A,2014-02-18,40.0004
A,2014-02-19,39.95431
A,2014-02-20,40.00621
A,2014-02-21,39.99422
A,2014-02-22,39.94232
A,2014-02-23,39.98894
A,2014-02-24,40.07919
A,2014-02-25,39.90202
A,2014-02-26,39.93484
A,2014-02-27,40.03265
A,2014-02-28,39.95567
A,2014-03-01,39.97632
A,2014-03-02,39.9792
A,2014-03-03,39.97079
A,2014-03-04,40.02176
A,2014-03-05,39.92371
A,2014-03-06,39.9305
A,2014-03-07,39.9699
A,2014-03-13,39.95693
A,2014-03-14,39.96425
A,2014-03-15,40.02979
A,2014-03-16,39.95992
A,2014-03-17,39.94767
A,2014-03-18,39.89387
A,2014-03-19,39.93821
A,2014-03-20,39.95649
A,2014-03-21,39.97225
A,2014-03-22,39.87317
A,2014-03-23,39.99682
A,2014-03-24,39.91949
A,2014-03-25,39.99804
A,2014-03-26,40.00252
A,2014-03-27,39.96638
A,2014-03-28,39.94952
A,2014-03-29,39.99488
A,2014-03-30,39.95146
A,2014-03-31,39.97385
A,2014-04-01,39.99136
A,2014-04-02,39.92664
A,2014-04-03,39.99342
A,2014-04-04,39.99586
A,2014-04-05,39.96165
A,2014-04-06,39.96967
A,2014-04-07,39.98466
A,2014-04-13,39.94299
A,2014-04-14,39.96765
A,2014-04-15,39.97987
A,2014-04-16,39.94567
A,2014-04-17,39.94641
A,2014-04-18,39.95822
A,2014-04-19,39.90544
A,2014-04-20,39.99116
A,2014-04-21,39.97927
A,2014-04-22,39.87458
A,2014-04-23,39.94174
A,2014-04-24,39.94354
A,2014-04-25,39.99496
A,2014-04-26,39.98288
A,2014-04-27,39.90762
A,2014-04-28,39.897
A,2014-04-29,39.90566
A,2014-04-30,39.92462
A,2014-05-01,39.93983
A,2014-05-02,39.87759
A,2014-05-03,39.9398
A,2014-05-04,39.95655
A,2014-05-05,39.88834
A,2014-05-06,39.95352
A,2014-05-07,39.96865
A,2014-05-13,39.95048
A,2014-05-14,39.95559
A,2014-05-15,39.93045
A,2014-05-16,39.96391
A,2014-05-17,39.99326
A,2014-05-18,39.93561
A,2014-05-19,39.93552
A,2014-05-20,39.88724
A,2014-05-21,40.03847
A,2014-05-22,39.97562
A,2014-05-23,39.93818
A,2014-05-24,39.97545
A,2014-05-25,39.85654
A,2014-05-26,39.92912
A,2014-05-27,39.9556
A,2014-05-28,39.9903
A,2014-05-29,39.99131
A,2014-05-30,39.87759
A,2014-05-31,39.94101
A,2014-06-01,39.97386
A,2014-06-02,39.91388
A,2014-06-03,39.92712
A,2014-06-04,39.91528
A,2014-06-05,39.99572
A,2014-06-06,40.01064
A,2014-06-07,39.91412
A,2014-06-13,39.98912
A,2014-06-14,39.93758
A,2014-06-15,40.01846
A,2014-06-16,39.94485
A,2014-06-17,39.9095
A,2014-06-18,39.98398
A,2014-06-19,39.92473
A,2014-06-20,39.99217
A,2014-06-21,39.99842
A,2014-06-22,39.90988
A,2014-06-23,39.92389
A,2014-06-24,39.91264
A,2014-06-25,39.96492
A,2014-06-26,39.86125
A,2014-06-27,39.83893
A,2014-06-28,39.93013
A,2014-06-29,39.85674
A,2014-06-30,39.94162
A,2014-07-01,39.95712
A,2014-07-02,39.95496
A,2014-07-03,39.92815
A,2014-07-04,39.82715
A,2014-07-05,39.94722
A,2014-07-06,40.02621
A,2014-08-01,39.92325
A,2014-08-02,39.90689
A,2014-08-03,39.94115
A,2014-08-04,40.04031
A,2014-08-05,39.9673
A,2014-08-06,39.95442
A,2014-09-01,39.94298
A,2014-09-02,39.94888
A,2014-09-03,40.00267
A,2014-09-04,39.95774
A,2014-09-05,39.93607
A,2014-09-06,39.85251
A,2014-10-01,40.03338
A,2014-10-02,39.88545
A,2014-10-03,39.94659
A,2014-10-04,39.99288
A,2014-10-05,39.99598
A,2014-10-06,39.96113
A,2014-11-01,39.9407
A,2014-11-02,39.93266
A,2014-11-03,39.89617
A,2014-11-04,39.95829
A,2014-11-05,39.94538
A,2014-11-06,39.96119
A,2014-12-01,39.95597
A,2014-12-02,39.962
A,2014-12-03,39.92709
A,2014-12-04,39.93827
A,2014-12-05,39.90744
A,2014-12-06,39.97844
AAPL,2014-01-01,89.44285
AAPL,2014-01-02,89.35309
AAPL,2014-01-03,89.75096
AAPL,2014-01-04,88.83225
AAPL,2014-01-05,89.26961
AAPL,2014-01-06,89.96613
AAPL,2014-01-07,89.53095
AAPL,2014-01-13,89.04712
AAPL,2014-01-14,88.63431
AAPL,2014-01-15,89.50411
AAPL,2014-01-16,89.40441
AAPL,2014-01-17,89.42578
AAPL,2014-01-18,89.40289
AAPL,2014-01-19,89.77552
AAPL,2014-01-20,89.53425
AAPL,2014-01-21,89.54133
AAPL,2014-01-22,89.77036
AAPL,2014-01-23,88.53764
AAPL,2014-01-24,90.38665
AAPL,2014-01-25,89.99801
AAPL,2014-01-26,89.41679
AAPL,2014-01-27,89.08807
AAPL,2014-01-28,89.57625
AAPL,2014-01-29,90.68431
AAPL,2014-01-30,89.41377
AAPL,2014-01-31,89.29508
AAPL,2014-02-01,89.99287
AAPL,2014-02-02,89.57762
AAPL,2014-02-03,89.93561
AAPL,2014-02-04,89.5246
AAPL,2014-02-05,89.29188
AAPL,2014-02-06,89.50412
AAPL,2014-02-07,89.54818
AAPL,2014-02-13,89.9652
AAPL,2014-02-14,90.06592
AAPL,2014-02-15,89.50812
AAPL,2014-02-16,89.62849
AAPL,2014-02-17,89.16813
AAPL,2014-02-18,89.40417
AAPL,2014-02-19,89.74137
AAPL,2014-02-20,88.53692
AAPL,2014-02-21,89.15352
AAPL,2014-02-22,89.76068
AAPL,2014-02-23,89.72043
AAPL,2014-02-24,89.96358
AAPL,2014-02-25,89.93415
AAPL,2014-02-26,89.63836
AAPL,2014-02-27,89.30496
AAPL,2014-02-28,90.15259
AAPL,2014-03-01,89.94537
AAPL,2014-03-02,89.70866
AAPL,2014-03-03,89.68659
AAPL,2014-03-04,89.53965
AAPL,2014-03-05,88.83821
AAPL,2014-03-06,89.85278
AAPL,2014-03-07,89.50395
AAPL,2014-03-13,89.32466
AAPL,2014-03-14,89.06516
AAPL,2014-03-15,89.90043
AAPL,2014-03-16,89.08311
AAPL,2014-03-17,89.50802
AAPL,2014-03-18,89.01002
AAPL,2014-03-19,89.48003
AAPL,2014-03-20,89.8695
AAPL,2014-03-21,89.33655
AAPL,2014-03-22,89.82743
AAPL,2014-03-23,89.40927
AAPL,2014-03-24,89.3168
AAPL,2014-03-25,89.50315
AAPL,2014-03-26,89.31825
AAPL,2014-03-27,89.36819
AAPL,2014-03-28,89.50959
AAPL,2014-03-29,89.30757
AAPL,2014-03-30,89.45824
AAPL,2014-03-31,89.87957
AAPL,2014-04-01,89.37972
AAPL,2014-04-02,89.47863
AAPL,2014-04-03,89.83586
AAPL,2014-04-04,89.70137
AAPL,2014-04-05,88.84353
AAPL,2014-04-06,89.70065
AAPL,2014-04-07,89.81356
AAPL,2014-04-13,89.77398
AAPL,2014-04-14,89.62079
AAPL,2014-04-15,89.33673
AAPL,2014-04-16,89.92842
AAPL,2014-04-17,89.14791
AAPL,2014-04-18,88.89377
AAPL,2014-04-19,89.61555
AAPL,2014-04-20,90.11732
AAPL,2014-04-21,88.68812
AAPL,2014-04-22,88.94504
AAPL,2014-04-23,89.34023
AAPL,2014-04-24,89.56905
AAPL,2014-04-25,89.73612
AAPL,2014-04-26,89.41736
AAPL,2014-04-27,89.56573
AAPL,2014-04-28,90.25745
AAPL,2014-04-29,89.32061
AAPL,2014-04-30,89.61404
AAPL,2014-05-01,89.63935
AAPL,2014-05-02,89.18096
AAPL,2014-05-03,89.78311
AAPL,2014-05-04,89.03369
AAPL,2014-05-05,89.25913
AAPL,2014-05-06,89.25545
AAPL,2014-05-07,89.16996
AAPL,2014-05-13,89.74125
AAPL,2014-05-14,89.52691
AAPL,2014-05-15,89.20439
AAPL,2014-05-16,89.36902
AAPL,2014-05-17,90.10578
AAPL,2014-05-18,89.49313
AAPL,2014-05-19,89.92234
AAPL,2014-05-20,89.22749
AAPL,2014-05-21,89.6919
AAPL,2014-05-22,89.77189
AAPL,2014-05-23,88.87462
AAPL,2014-05-24,89.05128
AAPL,2014-05-25,89.46831
AAPL,2014-05-26,89.17474
AAPL,2014-05-27,89.23493
AAPL,2014-05-28,89.71306
AAPL,2014-05-29,90.11989
AAPL,2014-05-30,89.29664
AAPL,2014-05-31,88.47
AAPL,2014-06-01,89.80739
AAPL,2014-06-02,89.90019
AAPL,2014-06-03,89.27479
AAPL,2014-06-04,89.18372
AAPL,2014-06-05,89.74643
AAPL,2014-06-06,89.50032
AAPL,2014-06-07,89.25253
AAPL,2014-06-13,90.28754
AAPL,2014-06-14,89.06925
AAPL,2014-06-15,89.40718
AAPL,2014-06-16,89.74022
AAPL,2014-06-17,88.48646
AAPL,2014-06-18,89.08892
AAPL,2014-06-19,89.0896
AAPL,2014-06-20,89.67219
AAPL,2014-06-21,89.19435
AAPL,2014-06-22,89.45645
AAPL,2014-06-23,89.38675
AAPL,2014-06-24,89.23022
AAPL,2014-06-25,88.94643
AAPL,2014-06-26,90.27299
AAPL,2014-06-27,89.26963
AAPL,2014-06-28,88.97411
AAPL,2014-06-29,89.4553
AAPL,2014-06-30,89.23392
AAPL,2014-07-01,89.78635
AAPL,2014-07-02,89.39984
AAPL,2014-07-03,89.74733
AAPL,2014-07-04,90.05652
AAPL,2014-07-05,89.87198
AAPL,2014-07-06,89.71888
AAPL,2014-08-01,89.4425
AAPL,2014-08-02,89.04694
AAPL,2014-08-03,89.65548
AAPL,2014-08-04,88.84322
AAPL,2014-08-05,88.90133
AAPL,2014-08-06,89.68539
AAPL,2014-09-01,89.76877
AAPL,2014-09-02,89.12243
AAPL,2014-09-03,89.2918
AAPL,2014-09-04,89.39013
AAPL,2014-09-05,89.46625
AAPL,2014-09-06,89.79441
AAPL,2014-10-01,88.82232
AAPL,2014-10-02,89.77966
AAPL,2014-10-03,90.19804
AAPL,2014-10-04,89.48173
AAPL,2014-10-05,88.90805
AAPL,2014-10-06,89.97396
AAPL,2014-11-01,89.58344
AAPL,2014-11-02,89.20756
AAPL,2014-11-03,89.27967
AAPL,2014-11-04,90.26102
AAPL,2014-11-05,89.30167
AAPL,2014-11-06,90.25345
AAPL,2014-12-01,89.54792
AAPL,2014-12-02,89.24027
AAPL,2014-12-03,89.77018
AAPL,2014-12-04,88.85469
AAPL,2014-12-05,90.14798
AAPL,2014-12-06,89.07964
C,2014-01-01,49.88243
C,2014-01-02,50.01049
C,2014-01-03,49.98354
C,2014-01-04,49.87819
C,2014-01-05,50.06427
C,2014-01-06,49.92283
C,2014-01-07,50.05979
C,2014-01-13,49.80363
C,2014-01-14,50.04303
C,2014-01-15,49.91855
C,2014-01-16,49.96834
C,2014-01-17,49.89308
C,2014-01-18,49.81688
C,2014-01-19,50.01194
C,2014-01-20,49.94362
C,2014-01-21,50.05706
C,2014-01-22,50.11112
C,2014-01-23,49.85449
C,2014-01-24,50.08157
C,2014-01-25,49.87638
C,2014-01-26,49.96577
C,2014-01-27,49.95433
C,2014-01-28,49.97998
C,2014-01-29,50.02367
C,2014-01-30,50.01906
C,2014-01-31,50.05967
C,2014-02-01,49.9653
C,2014-02-02,49.92015
C,2014-02-03,49.97653
C,2014-02-04,49.97739
C,2014-02-05,50.14775
C,2014-02-06,49.98876
C,2014-02-07,50.05819
C,2014-02-13,49.88588
C,2014-02-14,49.95828
C,2014-02-15,50.00261
C,2014-02-16,49.96211
C,2014-02-17,50.04627
C,2014-02-18,50.01772
C,2014-02-19,50.05213
C,2014-02-20,50.03897
C,2014-02-21,49.92402
C,2014-02-22,49.9598
C,2014-02-23,49.97235
C,2014-02-24,50.0454
C,2014-02-25,49.99002
C,2014-02-26,50.04252
C,2014-02-27,50.11425
C,2014-02-28,49.8557
C,2014-03-01,50.09568
C,2014-03-02,50.01532
C,2014-03-03,50.01935
C,2014-03-04,50.03895
C,2014-03-05,49.9192
C,2014-03-06,50.1247
C,2014-03-07,49.86685
C,2014-03-13,49.96445
C,2014-03-14,50.02825
C,2014-03-15,49.94637
C,2014-03-16,50.02985
C,2014-03-17,50.02085
C,2014-03-18,49.97442
C,2014-03-19,49.93127
C,2014-03-20,50.00875
C,2014-03-21,50.05996
C,2014-03-22,50.14059
C,2014-03-23,50.00682
C,2014-03-24,49.96157
C,2014-03-25,50.07354
C,2014-03-26,50.07358
C,2014-03-27,50.02705
C,2014-03-28,49.96151
C,2014-03-29,49.99497
C,2014-03-30,50.00482
C,2014-03-31,50.05045
C,2014-04-01,49.90514
C,2014-04-02,50.10013
C,2014-04-03,50.03239
C,2014-04-04,49.99466
C,2014-04-05,50.054
C,2014-04-06,50.05479
C,2014-04-07,49.91028
C,2014-04-13,49.92038
C,2014-04-14,50.00904
C,2014-04-15,49.85836
C,2014-04-16,50.06962
C,2014-04-17,49.95426
C,2014-04-18,49.92538
C,2014-04-19,50.01401
C,2014-04-20,50.0712
C,2014-04-21,50.0249
C,2014-04-22,49.95215
C,2014-04-23,49.96178
C,2014-04-24,50.04237
C,2014-04-25,49.94812
C,2014-04-26,49.9862
C,2014-04-27,49.914
C,2014-04-28,49.97558
C,2014-04-29,49.92115
C,2014-04-30,49.87379
C,2014-05-01,49.96875
C,2014-05-02,50.01082
C,2014-05-03,49.93062
C,2014-05-04,49.95741
C,2014-05-05,50.03887
C,2014-05-06,49.88735
C,2014-05-07,49.77948
C,2014-05-13,49.92403
C,2014-05-14,49.9135
C,2014-05-15,49.91948
C,2014-05-16,49.97014
C,2014-05-17,49.92066
C,2014-05-18,49.98597
C,2014-05-19,49.89804
C,2014-05-20,49.88951
C,2014-05-21,49.90287
C,2014-05-22,49.95111
C,2014-05-23,49.8547
C,2014-05-24,49.98193
C,2014-05-25,50.02887
C,2014-05-26,49.84903
C,2014-05-27,49.8649
C,2014-05-28,49.90403
C,2014-05-29,49.94453
C,2014-05-30,49.92531
C,2014-05-31,49.84841
C,2014-06-01,50.01359
C,2014-06-02,49.99969
C,2014-06-03,49.92218
C,2014-06-04,49.97736
C,2014-06-05,49.94755
C,2014-06-06,49.93293
C,2014-06-07,49.92118
C,2014-06-13,49.87017
C,2014-06-14,49.94617
C,2014-06-15,49.97544
C,2014-06-16,50.06544
C,2014-06-17,49.94693
C,2014-06-18,49.94875
C,2014-06-19,49.99787
C,2014-06-20,50.00295
C,2014-06-21,49.92683
C,2014-06-22,49.99659
C,2014-06-23,49.91189
C,2014-06-24,49.89188
C,2014-06-25,49.90161
C,2014-06-26,49.97477
C,2014-06-27,50.02176
C,2014-06-28,49.96864
C,2014-06-29,50.00713
C,2014-06-30,49.83801
C,2014-07-01,49.88038
C,2014-07-02,50.16829
C,2014-07-03,50.10048
C,2014-07-04,50.02017
C,2014-07-05,49.95304
C,2014-07-06,49.79479
C,2014-08-01,50.04002
C,2014-08-02,50.04703
C,2014-08-03,49.93722
C,2014-08-04,49.75218
C,2014-08-05,49.8393
C,2014-08-06,49.95692
C,2014-09-01,50.05863
C,2014-09-02,49.94241
C,2014-09-03,49.94312
C,2014-09-04,49.98276
C,2014-09-05,49.84751
C,2014-09-06,49.97419
C,2014-10-01,49.82549
C,2014-10-02,50.12841
C,2014-10-03,49.9138
C,2014-10-04,50.01985
C,2014-10-05,50.02061
C,2014-10-06,49.9499
C,2014-11-01,50.06892
C,2014-11-02,50.07065
C,2014-11-03,49.93278
C,2014-11-04,49.97827
C,2014-11-05,49.89921
C,2014-11-06,50.15501
C,2014-12-01,50.00677
C,2014-12-02,49.86104
C,2014-12-03,49.96465
C,2014-12-04,50.03523
C,2014-12-05,49.93561
C,2014-12-06,49.81126
GOOG,2014-01-01,561.779
GOOG,2014-01-02,561.106
GOOG,2014-01-03,561.4883
GOOG,2014-01-04,561.5547
GOOG,2014-01-05,561.6828
GOOG,2014-01-06,560.8356
GOOG,2014-01-07,560.9497
GOOG,2014-01-13,560.0646
GOOG,2014-01-14,560.4805
GOOG,2014-01-15,559.6142
GOOG,2014-01-16,562.4133
GOOG,2014-01-17,561.1703
GOOG,2014-01-18,561.2182
GOOG,2014-01-19,561.8437
GOOG,2014-01-20,560.7119
GOOG,2014-01-21,562.1435
GOOG,2014-01-22,563.0127
GOOG,2014-01-23,560.8437
GOOG,2014-01-24,560.6887
GOOG,2014-01-25,562.0518
GOOG,2014-01-26,561.7724
GOOG,2014-01-27,563.1609
GOOG,2014-01-28,562.2067
GOOG,2014-01-29,561.6878
GOOG,2014-01-30,563.7524
GOOG,2014-01-31,560.0817
GOOG,2014-02-01,562.2774
GOOG,2014-02-02,560.7525
GOOG,2014-02-03,560.9535
GOOG,2014-02-04,561.6071
GOOG,2014-02-05,560.7754
GOOG,2014-02-06,561.2635
GOOG,2014-02-07,561.5609
GOOG,2014-02-13,561.3704
GOOG,2014-02-14,561.6797
GOOG,2014-02-15,560.1839
GOOG,2014-02-16,562.0165
GOOG,2014-02-17,562.1015
GOOG,2014-02-18,560.5381
GOOG,2014-02-19,561.2802
GOOG,2014-02-20,560.128
GOOG,2014-02-21,562.5703
GOOG,2014-02-22,561.0949
GOOG,2014-02-23,561.7308
GOOG,2014-02-24,560.7374
GOOG,2014-02-25,561.1766
GOOG,2014-02-26,560.8808
GOOG,2014-02-27,561.0421
GOOG,2014-02-28,560.7235
GOOG,2014-03-01,561.6686
GOOG,2014-03-02,561.9748
GOOG,2014-03-03,561.8029
GOOG,2014-03-04,561.9241
GOOG,2014-03-05,560.7604
GOOG,2014-03-06,561.5025
GOOG,2014-03-07,561.7407
GOOG,2014-03-13,560.9321
GOOG,2014-03-14,562.5436
GOOG,2014-03-15,559.8653
GOOG,2014-03-16,560.9121
GOOG,2014-03-17,560.4071
GOOG,2014-03-18,562.0914
GOOG,2014-03-19,561.943
GOOG,2014-03-20,561.6657
GOOG,2014-03-21,560.986
GOOG,2014-03-22,561.2741
GOOG,2014-03-23,562.4839
GOOG,2014-03-24,560.5703
GOOG,2014-03-25,560.7211
GOOG,2014-03-26,562.3249
GOOG,2014-03-27,562.6216
GOOG,2014-03-28,562.0984
GOOG,2014-03-29,561.7984
GOOG,2014-03-30,560.1707
GOOG,2014-03-31,560.5118
GOOG,2014-04-01,561.2817
GOOG,2014-04-02,562.2224
GOOG,2014-04-03,561.8622
GOOG,2014-04-04,562.0248
GOOG,2014-04-05,560.0076
GOOG,2014-04-06,561.3866
GOOG,2014-04-07,561.2036
GOOG,2014-04-13,561.114
GOOG,2014-04-14,559.8306
GOOG,2014-04-15,560.0886
GOOG,2014-04-16,560.9695
GOOG,2014-04-17,562.5142
GOOG,2014-04-18,561.2237
GOOG,2014-04-19,561.302
GOOG,2014-04-20,559.6805
GOOG,2014-04-21,562.0878
GOOG,2014-04-22,560.2701
GOOG,2014-04-23,561.2032
GOOG,2014-04-24,561.5898
GOOG,2014-04-25,560.1521
GOOG,2014-04-26,561.7368
GOOG,2014-04-27,561.8024
GOOG,2014-04-28,562.845
GOOG,2014-04-29,562.5785
GOOG,2014-04-30,561.4349
GOOG,2014-05-01,562.1286
GOOG,2014-05-02,562.0707
GOOG,2014-05-03,560.4781
GOOG,2014-05-04,560.5405
GOOG,2014-05-05,561.8814
GOOG,2014-05-06,561.383
GOOG,2014-05-07,562.1545
GOOG,2014-05-13,560.2704
GOOG,2014-05-14,561.6184
GOOG,2014-05-15,562.3079
GOOG,2014-05-16,561.3934
GOOG,2014-05-17,561.8567
GOOG,2014-05-18,561.6075
GOOG,2014-05-19,561.5362
GOOG,2014-05-20,561.1109
GOOG,2014-05-21,561.6503
GOOG,2014-05-22,560.2228
GOOG,2014-05-23,560.9034
GOOG,2014-05-24,561.4402
GOOG,2014-05-25,561.4264
GOOG,2014-05-26,560.0455
GOOG,2014-05-27,561.2499
GOOG,2014-05-28,561.1854
GOOG,2014-05-29,560.961
GOOG,2014-05-30,561.9882
GOOG,2014-05-31,561.7825
GOOG,2014-06-01,560.2126
GOOG,2014-06-02,561.792
GOOG,2014-06-03,561.9746
GOOG,2014-06-04,562.1185
GOOG,2014-06-05,561.2708
GOOG,2014-06-06,562.8541
GOOG,2014-06-07,561.2794
GOOG,2014-06-13,560.5161
GOOG,2014-06-14,560.6133
GOOG,2014-06-15,563.1324
GOOG,2014-06-16,561.7436
GOOG,2014-06-17,561.738
GOOG,2014-06-18,561.3059
GOOG,2014-06-19,561.6344
GOOG,2014-06-20,560.8998
GOOG,2014-06-21,560.821
GOOG,2014-06-22,562.6988
GOOG,2014-06-23,562.8922
GOOG,2014-06-24,561.9709
GOOG,2014-06-25,563.2648
GOOG,2014-06-26,561.1406
GOOG,2014-06-27,560.8473
GOOG,2014-06-28,560.7339
GOOG,2014-06-29,561.6265
GOOG,2014-06-30,561.1968
GOOG,2014-07-01,560.7521
GOOG,2014-07-02,560.5717
GOOG,2014-07-03,561.7929
GOOG,2014-07-04,561.5893
GOOG,2014-07-05,560.4598
GOOG,2014-07-06,561.9032
GOOG,2014-08-01,561.1176
GOOG,2014-08-02,561.0027
GOOG,2014-08-03,560.2088
GOOG,2014-08-04,561.711
GOOG,2014-08-05,561.2606
GOOG,2014-08-06,560.2982
GOOG,2014-09-01,562.294
GOOG,2014-09-02,561.4134
GOOG,2014-09-03,560.0771
GOOG,2014-09-04,560.9889
GOOG,2014-09-05,561.4722
GOOG,2014-09-06,562.1436
GOOG,2014-10-01,561.4494
GOOG,2014-10-02,561.781
GOOG,2014-10-03,561.6836
GOOG,2014-10-04,561.1887
GOOG,2014-10-05,561.4296
GOOG,2014-10-06,561.5759
GOOG,2014-11-01,561.811
GOOG,2014-11-02,561.5489
GOOG,2014-11-03,561.7139
GOOG,2014-11-04,561.2312
GOOG,2014-11-05,562.1446
GOOG,2014-11-06,562.2088
GOOG,2014-12-01,559.8706
GOOG,2014-12-02,561.3262
GOOG,2014-12-03,560.9994
GOOG,2014-12-04,562.0271
GOOG,2014-12-05,560.9141
GOOG,2014-12-06,560.9448
HOG,2014-01-01,63.70654
HOG,2014-01-02,63.49792
HOG,2014-01-03,63.50236
HOG,2014-01-04,63.62306
HOG,2014-01-05,63.7544
HOG,2014-01-06,63.63184
HOG,2014-01-07,63.74058
HOG,2014-01-13,63.59278
HOG,2014-01-14,63.59506
HOG,2014-01-15,63.32111
HOG,2014-01-16,63.47892
HOG,2014-01-17,63.61795
HOG,2014-01-18,63.43138
HOG,2014-01-19,63.65993
HOG,2014-01-20,63.41603
HOG,2014-01-21,63.42204
HOG,2014-01-22,63.33407
HOG,2014-01-23,63.84175
HOG,2014-01-24,63.63069
HOG,2014-01-25,63.68798
HOG,2014-01-26,63.59991
HOG,2014-01-27,63.5584
HOG,2014-01-28,63.88852
HOG,2014-01-29,63.63494
HOG,2014-01-30,63.70182
HOG,2014-01-31,63.55403
HOG,2014-02-01,63.55424
HOG,2014-02-02,63.69535
HOG,2014-02-03,63.75571
HOG,2014-02-04,63.57502
HOG,2014-02-05,63.69343
HOG,2014-02-06,63.66737
HOG,2014-02-07,63.44948
HOG,2014-02-13,63.63162
HOG,2014-02-14,63.65322
HOG,2014-02-15,63.57978
HOG,2014-02-16,63.89019
HOG,2014-02-17,63.65667
HOG,2014-02-18,63.46033
HOG,2014-02-19,63.77955
HOG,2014-02-20,63.72881
HOG,2014-02-21,63.71322
HOG,2014-02-22,63.83959
HOG,2014-02-23,63.57741
HOG,2014-02-24,63.55374
HOG,2014-02-25,63.681
HOG,2014-02-26,63.52586
HOG,2014-02-27,63.49327
HOG,2014-02-28,63.43896
HOG,2014-03-01,63.64018
HOG,2014-03-02,63.76015
HOG,2014-03-03,63.49091
HOG,2014-03-04,63.70511
HOG,2014-03-05,63.75472
HOG,2014-03-06,63.53207
HOG,2014-03-07,63.51943
HOG,2014-03-13,63.53497
HOG,2014-03-14,63.73272
HOG,2014-03-15,63.76282
HOG,2014-03-16,63.38411
HOG,2014-03-17,63.55044
HOG,2014-03-18,63.29201
HOG,2014-03-19,63.58742
HOG,2014-03-20,63.59361
HOG,2014-03-21,63.88046
HOG,2014-03-22,63.75296
HOG,2014-03-23,63.71091
HOG,2014-03-24,63.57495
HOG,2014-03-25,63.55864
HOG,2014-03-26,63.58572
HOG,2014-03-27,63.63707
HOG,2014-03-28,63.47861
HOG,2014-03-29,63.65
HOG,2014-03-30,63.49599
HOG,2014-03-31,63.57997
HOG,2014-04-01,63.57343
HOG,2014-04-02,63.45785
HOG,2014-04-03,63.81145
HOG,2014-04-04,63.68765
HOG,2014-04-05,63.76002
HOG,2014-04-06,63.4515
HOG,2014-04-07,63.47302
HOG,2014-04-13,63.51089
HOG,2014-04-14,63.81149
HOG,2014-04-15,63.57949
HOG,2014-04-16,63.53792
HOG,2014-04-17,63.76058
HOG,2014-04-18,63.66097
HOG,2014-04-19,63.68987
HOG,2014-04-20,63.62686
HOG,2014-04-21,63.617
HOG,2014-04-22,63.68147
HOG,2014-04-23,63.40998
HOG,2014-04-24,63.70586
HOG,2014-04-25,63.5503
HOG,2014-04-26,63.71643
HOG,2014-04-27,63.76495
HOG,2014-04-28,63.71302
HOG,2014-04-29,63.64782
HOG,2014-04-30,63.65563
HOG,2014-05-01,63.73784
HOG,2014-05-02,63.46335
HOG,2014-05-03,63.60309
HOG,2014-05-04,63.58598
HOG,2014-05-05,63.63585
HOG,2014-05-06,63.49078
HOG,2014-05-07,63.7987
HOG,2014-05-13,63.83573
HOG,2014-05-14,63.56142
HOG,2014-05-15,63.68997
HOG,2014-05-16,63.69973
HOG,2014-05-17,63.50814
HOG,2014-05-18,63.67363
HOG,2014-05-19,63.46024
HOG,2014-05-20,63.67797
HOG,2014-05-21,63.64195
HOG,2014-05-22,63.68143
HOG,2014-05-23,63.45638
HOG,2014-05-24,63.67355
HOG,2014-05-25,63.74606
HOG,2014-05-26,63.54875
HOG,2014-05-27,63.72502
HOG,2014-05-28,63.76505
HOG,2014-05-29,63.63983
HOG,2014-05-30,63.45176
HOG,2014-05-31,63.61337
HOG,2014-06-01,63.50403
HOG,2014-06-02,63.63476
HOG,2014-06-03,63.59937
HOG,2014-06-04,63.47325
HOG,2014-06-05,63.60894
HOG,2014-06-06,63.50879
HOG,2014-06-07,63.25458
HOG,2014-06-13,63.68699
HOG,2014-06-14,63.51989
HOG,2014-06-15,63.63601
HOG,2014-06-16,63.70556
HOG,2014-06-17,63.67906
HOG,2014-06-18,63.61943
HOG,2014-06-19,63.45178
HOG,2014-06-20,63.53548
HOG,2014-06-21,63.61626
HOG,2014-06-22,63.58173
HOG,2014-06-23,63.56061
HOG,2014-06-24,63.63643
HOG,2014-06-25,63.56866
HOG,2014-06-26,63.73527
HOG,2014-06-27,63.50123
HOG,2014-06-28,63.60974
HOG,2014-06-29,63.66577
HOG,2014-06-30,63.56483
HOG,2014-07-01,63.57424
HOG,2014-07-02,63.75617
HOG,2014-07-03,63.42141
HOG,2014-07-04,63.72626
HOG,2014-07-05,63.57245
HOG,2014-07-06,63.43802
HOG,2014-08-01,63.6012
HOG,2014-08-02,63.65724
HOG,2014-08-03,63.41394
HOG,2014-08-04,63.5122
HOG,2014-08-05,63.77179
HOG,2014-08-06,63.5154
HOG,2014-09-01,63.64981
HOG,2014-09-02,63.79452
HOG,2014-09-03,63.55162
HOG,2014-09-04,63.62105
HOG,2014-09-05,63.52879
HOG,2014-09-06,63.41351
HOG,2014-10-01,63.51611
HOG,2014-10-02,63.66109
HOG,2014-10-03,63.69258
HOG,2014-10-04,63.72133
HOG,2014-10-05,63.72085
HOG,2014-10-06,63.41163
HOG,2014-11-01,63.59397
HOG,2014-11-02,63.65656
HOG,2014-11-03,63.42169
HOG,2014-11-04,63.64638
HOG,2014-11-05,63.60253
HOG,2014-11-06,63.46124
HOG,2014-12-01,63.71678
HOG,2014-12-02,63.43075
HOG,2014-12-03,63.37816
HOG,2014-12-04,63.63833
HOG,2014-12-05,63.60409
HOG,2014-12-06,63.50451
HPQ,2014-01-01,14.67496
HPQ,2014-01-02,14.69918
HPQ,2014-01-03,14.75185
HPQ,2014-01-04,14.70953
HPQ,2014-01-05,14.73297
HPQ,2014-01-06,14.73398
HPQ,2014-01-07,14.75684
HPQ,2014-01-13,14.6714
HPQ,2014-01-14,14.67258
HPQ,2014-01-15,14.74787
HPQ,2014-01-16,14.67758
HPQ,2014-01-17,14.69964
HPQ,2014-01-18,14.72454
HPQ,2014-01-19,14.68271
HPQ,2014-01-20,14.73672
HPQ,2014-01-21,14.64846
HPQ,2014-01-22,14.76269
HPQ,2014-01-23,14.60555
HPQ,2014-01-24,14.62945
HPQ,2014-01-25,14.74415
HPQ,2014-01-26,14.66902
HPQ,2014-01-27,14.68629
HPQ,2014-01-28,14.6888
HPQ,2014-01-29,14.70895
HPQ,2014-01-30,14.71461
HPQ,2014-01-31,14.63925
HPQ,2014-02-01,14.65288
HPQ,2014-02-02,14.65433
HPQ,2014-02-03,14.71869
HPQ,2014-02-04,14.69951
HPQ,2014-02-05,14.67081
HPQ,2014-02-06,14.62315
HPQ,2014-02-07,14.70525
HPQ,2014-02-13,14.72097
HPQ,2014-02-14,14.70465
HPQ,2014-02-15,14.6832
HPQ,2014-02-16,14.6458
HPQ,2014-02-17,14.70416
HPQ,2014-02-18,14.66357
HPQ,2014-02-19,14.68365
HPQ,2014-02-20,14.65569
HPQ,2014-02-21,14.73588
HPQ,2014-02-22,14.68035
HPQ,2014-02-23,14.66086
HPQ,2014-02-24,14.63141
HPQ,2014-02-25,14.67789
HPQ,2014-02-26,14.69629
HPQ,2014-02-27,14.70148
HPQ,2014-02-28,14.71125
HPQ,2014-03-01,14.59555
HPQ,2014-03-02,14.68677
HPQ,2014-03-03,14.62668
HPQ,2014-03-04,14.76864
HPQ,2014-03-05,14.77852
HPQ,2014-03-06,14.65733
HPQ,2014-03-07,14.69488
HPQ,2014-03-13,14.65796
HPQ,2014-03-14,14.65275
HPQ,2014-03-15,14.69239
HPQ,2014-03-16,14.62058
HPQ,2014-03-17,14.70884
HPQ,2014-03-18,14.6023
HPQ,2014-03-19,14.61879
HPQ,2014-03-20,14.60834
HPQ,2014-03-21,14.74079
HPQ,2014-03-22,14.65743
HPQ,2014-03-23,14.65498
HPQ,2014-03-24,14.72077
HPQ,2014-03-25,14.69015
HPQ,2014-03-26,14.74438
HPQ,2014-03-27,14.62876
HPQ,2014-03-28,14.68652
HPQ,2014-03-29,14.69856
HPQ,2014-03-30,14.74498
HPQ,2014-03-31,14.71312
HPQ,2014-04-01,14.73843
HPQ,2014-04-02,14.68411
HPQ,2014-04-03,14.61216
HPQ,2014-04-04,14.69725
HPQ,2014-04-05,14.69837
HPQ,2014-04-06,14.60772
HPQ,2014-04-07,14.61247
HPQ,2014-04-13,14.69129
HPQ,2014-04-14,14.65969
HPQ,2014-04-15,14.7434
HPQ,2014-04-16,14.78585
HPQ,2014-04-17,14.69061
HPQ,2014-04-18,14.65411
HPQ,2014-04-19,14.6719
HPQ,2014-04-20,14.72147
HPQ,2014-04-21,14.67121
HPQ,2014-04-22,14.63354
HPQ,2014-04-23,14.66987
HPQ,2014-04-24,14.71008
HPQ,2014-04-25,14.64164
HPQ,2014-04-26,14.64959
HPQ,2014-04-27,14.62878
HPQ,2014-04-28,14.72879
HPQ,2014-04-29,14.63275
HPQ,2014-04-30,14.6986
HPQ,2014-05-01,14.68202
HPQ,2014-05-02,14.71405
HPQ,2014-05-03,14.62649
HPQ,2014-05-04,14.69247
HPQ,2014-05-05,14.73616
HPQ,2014-05-06,14.63977
HPQ,2014-05-07,14.70894
HPQ,2014-05-13,14.66119
HPQ,2014-05-14,14.71937
HPQ,2014-05-15,14.71954
HPQ,2014-05-16,14.74854
HPQ,2014-05-17,14.7493
HPQ,2014-05-18,14.69653
HPQ,2014-05-19,14.65031
HPQ,2014-05-20,14.72884
HPQ,2014-05-21,14.65531
HPQ,2014-05-22,14.70766
HPQ,2014-05-23,14.7088
HPQ,2014-05-24,14.69493
HPQ,2014-05-25,14.65398
HPQ,2014-05-26,14.75055
HPQ,2014-05-27,14.70222
HPQ,2014-05-28,14.61525
HPQ,2014-05-29,14.76039
HPQ,2014-05-30,14.67392
HPQ,2014-05-31,14.6186
HPQ,2014-06-01,14.72171
HPQ,2014-06-02,14.66282
HPQ,2014-06-03,14.59552
HPQ,2014-06-04,14.6716
HPQ,2014-06-05,14.64341
HPQ,2014-06-06,14.79321
HPQ,2014-06-07,14.7397
HPQ,2014-06-13,14.71053
HPQ,2014-06-14,14.65303
HPQ,2014-06-15,14.65029
HPQ,2014-06-16,14.68836
HPQ,2014-06-17,14.71352
HPQ,2014-06-18,14.65505
HPQ,2014-06-19,14.66796
HPQ,2014-06-20,14.68387
HPQ,2014-06-21,14.60094
HPQ,2014-06-22,14.64647
HPQ,2014-06-23,14.6457
HPQ,2014-06-24,14.70084
HPQ,2014-06-25,14.62854
HPQ,2014-06-26,14.68243
HPQ,2014-06-27,14.63489
HPQ,2014-06-28,14.69414
HPQ,2014-06-29,14.78803
HPQ,2014-06-30,14.64511
HPQ,2014-07-01,14.67349
HPQ,2014-07-02,14.62047
HPQ,2014-07-03,14.70649
HPQ,2014-07-04,14.6831
HPQ,2014-07-05,14.67262
HPQ,2014-07-06,14.69717
HPQ,2014-08-01,14.68786
HPQ,2014-08-02,14.67142
HPQ,2014-08-03,14.68921
HPQ,2014-08-04,14.72484
HPQ,2014-08-05,14.71572
HPQ,2014-08-06,14.73576
HPQ,2014-09-01,14.66531
HPQ,2014-09-02,14.67895
HPQ,2014-09-03,14.65242
HPQ,2014-09-04,14.61783
HPQ,2014-09-05,14.6449
HPQ,2014-09-06,14.72471
HPQ,2014-10-01,14.65199
HPQ,2014-10-02,14.70928
HPQ,2014-10-03,14.65019
HPQ,2014-10-04,14.70684
HPQ,2014-10-05,14.65822
HPQ,2014-10-06,14.67351
HPQ,2014-11-01,14.71453
HPQ,2014-11-02,14.72013
HPQ,2014-11-03,14.69852
HPQ,2014-11-04,14.61774
HPQ,2014-11-05,14.71414
HPQ,2014-11-06,14.6166
HPQ,2014-12-01,14.6744
HPQ,2014-12-02,14.64148
HPQ,2014-12-03,14.65194
HPQ,2014-12-04,14.73697
HPQ,2014-12-05,14.74919
HPQ,2014-12-06,14.64038
INTC,2014-01-01,28.7082
INTC,2014-01-02,28.54244
INTC,2014-01-03,28.77794
INTC,2014-01-04,28.73583
INTC,2014-01-05,28.87624
INTC,2014-01-06,28.90083
INTC,2014-01-07,28.92296
INTC,2014-01-13,28.73127
INTC,2014-01-14,28.86522
INTC,2014-01-15,28.82632
INTC,2014-01-16,28.56874
INTC,2014-01-17,28.59895
INTC,2014-01-18,28.596
INTC,2014-01-19,28.90604
INTC,2014-01-20,28.58959
INTC,2014-01-21,28.69492
INTC,2014-01-22,28.87207
INTC,2014-01-23,28.80037
INTC,2014-01-24,28.76287
INTC,2014-01-25,28.90919
INTC,2014-01-26,28.90039
INTC,2014-01-27,28.81044
INTC,2014-01-28,28.91352
INTC,2014-01-29,28.85505
INTC,2014-01-30,28.9579
INTC,2014-01-31,28.43611
INTC,2014-02-01,28.75378
INTC,2014-02-02,28.97406
INTC,2014-02-03,28.76933
INTC,2014-02-04,29.08558
INTC,2014-02-05,29.04701
INTC,2014-02-06,28.85231
INTC,2014-02-07,28.66686
INTC,2014-02-13,28.69717
INTC,2014-02-14,28.80187
INTC,2014-02-15,28.96927
INTC,2014-02-16,28.8045
INTC,2014-02-17,28.90716
INTC,2014-02-18,28.94152
INTC,2014-02-19,29.04769
INTC,2014-02-20,29.15063
INTC,2014-02-21,28.77675
INTC,2014-02-22,28.91262
INTC,2014-02-23,28.88221
INTC,2014-02-24,28.85983
INTC,2014-02-25,29.0105
INTC,2014-02-26,28.92471
INTC,2014-02-27,28.53068
INTC,2014-02-28,28.86886
INTC,2014-03-01,28.73324
INTC,2014-03-02,28.8598
INTC,2014-03-03,28.67794
INTC,2014-03-04,28.82104
INTC,2014-03-05,29.04457
INTC,2014-03-06,28.73327
INTC,2014-03-07,28.78881
INTC,2014-03-13,28.80007
INTC,2014-03-14,28.88928
INTC,2014-03-15,28.91262
INTC,2014-03-16,28.68125
INTC,2014-03-17,28.83258
INTC,2014-03-18,28.93179
INTC,2014-03-19,28.64642
INTC,2014-03-20,29.14002
INTC,2014-03-21,28.69947
INTC,2014-03-22,28.67206
INTC,2014-03-23,28.96981
INTC,2014-03-24,28.78515
INTC,2014-03-25,28.7679
INTC,2014-03-26,29.12934
INTC,2014-03-27,28.60201
INTC,2014-03-28,28.77764
INTC,2014-03-29,28.83889
INTC,2014-03-30,28.9747
INTC,2014-03-31,28.9799
INTC,2014-04-01,28.88221
INTC,2014-04-02,28.88598
INTC,2014-04-03,28.79411
INTC,2014-04-04,28.74027
INTC,2014-04-05,28.722
INTC,2014-04-06,28.91074
INTC,2014-04-07,28.74627
INTC,2014-04-13,29.10431
INTC,2014-04-14,28.82333
INTC,2014-04-15,28.74418
INTC,2014-04-16,28.87237
INTC,2014-04-17,29.05833
INTC,2014-04-18,29.1419
INTC,2014-04-19,28.41623
INTC,2014-04-20,29.01118
INTC,2014-04-21,28.95172
INTC,2014-04-22,28.89131
INTC,2014-04-23,28.84935
INTC,2014-04-24,28.83289
INTC,2014-04-25,28.87191
INTC,2014-04-26,28.77241
INTC,2014-04-27,28.84623
INTC,2014-04-28,28.72734
INTC,2014-04-29,28.72
INTC,2014-04-30,28.87424
INTC,2014-05-01,28.78086
INTC,2014-05-02,29.13445
INTC,2014-05-03,28.98581
INTC,2014-05-04,28.88342
INTC,2014-05-05,28.84784
INTC,2014-05-06,28.95352
INTC,2014-05-07,28.85488
INTC,2014-05-13,29.10356
INTC,2014-05-14,28.97806
INTC,2014-05-15,28.81742
INTC,2014-05-16,29.04555
INTC,2014-05-17,28.85748
INTC,2014-05-18,28.8955
INTC,2014-05-19,28.78755
INTC,2014-05-20,28.71019
INTC,2014-05-21,28.85184
INTC,2014-05-22,28.98073
INTC,2014-05-23,28.87666
INTC,2014-05-24,28.74365
INTC,2014-05-25,28.92671
INTC,2014-05-26,28.7862
INTC,2014-05-27,28.86434
INTC,2014-05-28,28.73571
INTC,2014-05-29,28.68535
INTC,2014-05-30,29.12079
INTC,2014-05-31,28.95718
INTC,2014-06-01,28.70427
INTC,2014-06-02,28.83247
INTC,2014-06-03,28.90434
INTC,2014-06-04,28.642
INTC,2014-06-05,28.883
INTC,2014-06-06,28.76743
INTC,2014-06-07,28.8918
INTC,2014-06-13,28.77658
INTC,2014-06-14,28.97099
INTC,2014-06-15,28.83339
INTC,2014-06-16,28.69912
INTC,2014-06-17,29.01499
INTC,2014-06-18,28.94482
INTC,2014-06-19,29.0287
INTC,2014-06-20,28.65194
INTC,2014-06-21,28.62241
INTC,2014-06-22,28.70867
INTC,2014-06-23,28.87666
INTC,2014-06-24,28.97078
INTC,2014-06-25,28.94115
INTC,2014-06-26,29.05506
INTC,2014-06-27,28.96485
INTC,2014-06-28,28.59512
INTC,2014-06-29,28.8806
INTC,2014-06-30,29.2163
INTC,2014-07-01,28.78478
INTC,2014-07-02,28.67564
INTC,2014-07-03,28.91189
INTC,2014-07-04,28.94944
INTC,2014-07-05,28.67392
INTC,2014-07-06,29.01529
INTC,2014-08-01,28.87021
INTC,2014-08-02,28.7878
INTC,2014-08-03,28.71812
INTC,2014-08-04,29.10224
INTC,2014-08-05,28.72345
INTC,2014-08-06,28.94688
INTC,2014-09-01,28.54167
INTC,2014-09-02,28.81332
INTC,2014-09-03,28.85692
INTC,2014-09-04,29.08921
INTC,2014-09-05,28.94409
INTC,2014-09-06,29.15544
INTC,2014-10-01,29.04638
INTC,2014-10-02,28.57903
INTC,2014-10-03,28.76964
INTC,2014-10-04,28.95597
INTC,2014-10-05,28.68042
INTC,2014-10-06,28.98286
INTC,2014-11-01,28.73265
INTC,2014-11-02,28.49948
INTC,2014-11-03,28.85024
INTC,2014-11-04,28.95367
INTC,2014-11-05,28.77609
INTC,2014-11-06,29.09435
INTC,2014-12-01,28.78047
INTC,2014-12-02,28.87821
INTC,2014-12-03,28.86332
INTC,2014-12-04,28.84385
INTC,2014-12-05,28.81475
INTC,2014-12-06,28.65146
KO,2014-01-01,38.65345
KO,2014-01-02,38.6155
KO,2014-01-03,38.5581
KO,2014-01-04,38.56588
KO,2014-01-05,38.60097
KO,2014-01-06,38.61949
KO,2014-01-07,38.60548
KO,2014-01-13,38.59522
KO,2014-01-14,38.62485
KO,2014-01-15,38.71306
KO,2014-01-16,38.64302
KO,2014-01-17,38.48916
KO,2014-01-18,38.57276
KO,2014-01-19,38.59646
KO,2014-01-20,38.57415
KO,2014-01-21,38.63906
KO,2014-01-22,38.62922
KO,2014-01-23,38.67899
KO,2014-01-24,38.69616
KO,2014-01-25,38.66858
KO,2014-01-26,38.59531
KO,2014-01-27,38.64605
KO,2014-01-28,38.59697
KO,2014-01-29,38.63712
KO,2014-01-30,38.64066
KO,2014-01-31,38.57471
KO,2014-02-01,38.57053
KO,2014-02-02,38.54106
KO,2014-02-03,38.70771
KO,2014-02-04,38.55796
KO,2014-02-05,38.64673
KO,2014-02-06,38.64795
KO,2014-02-07,38.60033
KO,2014-02-13,38.54505
KO,2014-02-14,38.62191
KO,2014-02-15,38.67318
KO,2014-02-16,38.58293
KO,2014-02-17,38.48899
KO,2014-02-18,38.63765
KO,2014-02-19,38.51818
KO,2014-02-20,38.64378
KO,2014-02-21,38.59746
KO,2014-02-22,38.55691
KO,2014-02-23,38.69453
KO,2014-02-24,38.61009
KO,2014-02-25,38.64837
KO,2014-02-26,38.66981
KO,2014-02-27,38.61768
KO,2014-02-28,38.55219
KO,2014-03-01,38.58146
KO,2014-03-02,38.6517
KO,2014-03-03,38.60789
KO,2014-03-04,38.55211
KO,2014-03-05,38.6144
KO,2014-03-06,38.63864
KO,2014-03-07,38.73341
KO,2014-03-13,38.55526
KO,2014-03-14,38.64148
KO,2014-03-15,38.64488
KO,2014-03-16,38.55088
KO,2014-03-17,38.60985
KO,2014-03-18,38.60954
KO,2014-03-19,38.69344
KO,2014-03-20,38.58632
KO,2014-03-21,38.6887
KO,2014-03-22,38.70251
KO,2014-03-23,38.59036
KO,2014-03-24,38.55017
KO,2014-03-25,38.46361
KO,2014-03-26,38.59777
KO,2014-03-27,38.61418
KO,2014-03-28,38.70935
KO,2014-03-29,38.68264
KO,2014-03-30,38.6122
KO,2014-03-31,38.5355
KO,2014-04-01,38.65616
KO,2014-04-02,38.63346
KO,2014-04-03,38.63784
KO,2014-04-04,38.55455
KO,2014-04-05,38.60961
KO,2014-04-06,38.66792
KO,2014-04-07,38.53433
KO,2014-04-13,38.59186
KO,2014-04-14,38.59411
KO,2014-04-15,38.63641
KO,2014-04-16,38.5907
KO,2014-04-17,38.65425
KO,2014-04-18,38.50854
KO,2014-04-19,38.66767
KO,2014-04-20,38.46316
KO,2014-04-21,38.57461
KO,2014-04-22,38.51909
KO,2014-04-23,38.51044
KO,2014-04-24,38.64766
KO,2014-04-25,38.57793
KO,2014-04-26,38.68801
KO,2014-04-27,38.6784
KO,2014-04-28,38.61092
KO,2014-04-29,38.57302
KO,2014-04-30,38.60291
KO,2014-05-01,38.57
KO,2014-05-02,38.65579
KO,2014-05-03,38.72847
KO,2014-05-04,38.64175
KO,2014-05-05,38.60917
KO,2014-05-06,38.6547
KO,2014-05-07,38.51104
KO,2014-05-13,38.64669
KO,2014-05-14,38.64082
KO,2014-05-15,38.57714
KO,2014-05-16,38.51751
KO,2014-05-17,38.59226
KO,2014-05-18,38.56277
KO,2014-05-19,38.61447
KO,2014-05-20,38.55036
KO,2014-05-21,38.67269
KO,2014-05-22,38.51763
KO,2014-05-23,38.57756
KO,2014-05-24,38.60572
KO,2014-05-25,38.61598
KO,2014-05-26,38.63692
KO,2014-05-27,38.62367
KO,2014-05-28,38.64246
KO,2014-05-29,38.71143
KO,2014-05-30,38.62941
KO,2014-05-31,38.70597
KO,2014-06-01,38.58401
KO,2014-06-02,38.67558
KO,2014-06-03,38.55416
KO,2014-06-04,38.58633
KO,2014-06-05,38.62827
KO,2014-06-06,38.61607
KO,2014-06-07,38.6556
KO,2014-06-13,38.59944
KO,2014-06-14,38.54882
KO,2014-06-15,38.62023
KO,2014-06-16,38.59809
KO,2014-06-17,38.64285
KO,2014-06-18,38.60283
KO,2014-06-19,38.55491
KO,2014-06-20,38.52968
KO,2014-06-21,38.61572
KO,2014-06-22,38.59263
KO,2014-06-23,38.51518
KO,2014-06-24,38.63007
KO,2014-06-25,38.56451
KO,2014-06-26,38.60389
KO,2014-06-27,38.54737
KO,2014-06-28,38.65607
KO,2014-06-29,38.67052
KO,2014-06-30,38.5642
KO,2014-07-01,38.57882
KO,2014-07-02,38.66391
KO,2014-07-03,38.61088
KO,2014-07-04,38.51291
KO,2014-07-05,38.57106
KO,2014-07-06,38.5759
KO,2014-08-01,38.6807
KO,2014-08-02,38.72282
KO,2014-08-03,38.64906
KO,2014-08-04,38.57368
KO,2014-08-05,38.61082
KO,2014-08-06,38.63687
KO,2014-09-01,38.65139
KO,2014-09-02,38.69652
KO,2014-09-03,38.62766
KO,2014-09-04,38.69657
KO,2014-09-05,38.56356
KO,2014-09-06,38.63444
KO,2014-10-01,38.53703
KO,2014-10-02,38.55825
KO,2014-10-03,38.59836
KO,2014-10-04,38.63668
KO,2014-10-05,38.5743
KO,2014-10-06,38.55414
KO,2014-11-01,38.57167
KO,2014-11-02,38.57225
KO,2014-11-03,38.52531
KO,2014-11-04,38.59103
KO,2014-11-05,38.65052
KO,2014-11-06,38.68931
KO,2014-12-01,38.7202
KO,2014-12-02,38.58146
KO,2014-12-03,38.59671
KO,2014-12-04,38.55306
KO,2014-12-05,38.56016
KO,2014-12-06,38.61402
LUV,2014-01-01,28.43485
LUV,2014-01-02,28.57484
LUV,2014-01-03,28.72649
LUV,2014-01-04,28.63977
LUV,2014-01-05,28.5131
LUV,2014-01-06,28.08365
LUV,2014-01-07,28.31666
LUV,2014-01-13,28.3375
LUV,2014-01-14,28.58089
LUV,2014-01-15,28.56234
LUV,2014-01-16,28.38712
LUV,2014-01-17,28.73686
LUV,2014-01-18,28.75554
LUV,2014-01-19,28.28396
LUV,2014-01-20,28.29971
LUV,2014-01-21,28.21815
LUV,2014-01-22,28.15195
LUV,2014-01-23,28.61003
LUV,2014-01-24,28.55723
LUV,2014-01-25,28.59284
LUV,2014-01-26,28.26736
LUV,2014-01-27,28.70873
LUV,2014-01-28,28.39912
LUV,2014-01-29,28.52305
LUV,2014-01-30,28.66673
LUV,2014-01-31,28.88409
LUV,2014-02-01,28.48438
LUV,2014-02-02,28.5757
LUV,2014-02-03,28.66888
LUV,2014-02-04,28.55303
LUV,2014-02-05,28.73998
LUV,2014-02-06,28.42893
LUV,2014-02-07,28.45903
LUV,2014-02-13,28.45324
LUV,2014-02-14,28.47944
LUV,2014-02-15,28.3564
LUV,2014-02-16,28.19747
LUV,2014-02-17,28.6174
LUV,2014-02-18,28.66514
LUV,2014-02-19,28.27035
LUV,2014-02-20,28.62978
LUV,2014-02-21,28.75756
LUV,2014-02-22,28.64778
LUV,2014-02-23,28.49756
LUV,2014-02-24,28.19849
LUV,2014-02-25,28.57049
LUV,2014-02-26,28.46248
LUV,2014-02-27,28.40857
LUV,2014-02-28,28.4271
LUV,2014-03-01,28.61554
LUV,2014-03-02,29.02107
LUV,2014-03-03,28.51238
LUV,2014-03-04,28.16907
LUV,2014-03-05,28.42351
LUV,2014-03-06,28.56126
LUV,2014-03-07,28.38956
LUV,2014-03-13,28.46497
LUV,2014-03-14,28.36302
LUV,2014-03-15,28.80783
LUV,2014-03-16,28.61222
LUV,2014-03-17,28.71853
LUV,2014-03-18,28.54264
LUV,2014-03-19,28.47905
LUV,2014-03-20,28.70232
LUV,2014-03-21,28.56651
LUV,2014-03-22,28.52863
LUV,2014-03-23,28.23228
LUV,2014-03-24,28.38069
LUV,2014-03-25,28.27866
LUV,2014-03-26,28.43619
LUV,2014-03-27,28.41714
LUV,2014-03-28,28.51415
LUV,2014-03-29,28.31429
LUV,2014-03-30,28.33707
LUV,2014-03-31,28.19742
LUV,2014-04-01,28.58414
LUV,2014-04-02,28.39815
LUV,2014-04-03,28.75294
LUV,2014-04-04,28.41066
LUV,2014-04-05,28.39589
LUV,2014-04-06,28.54308
LUV,2014-04-07,28.46195
LUV,2014-04-13,28.51888
LUV,2014-04-14,28.22337
LUV,2014-04-15,28.5398
LUV,2014-04-16,28.26936
LUV,2014-04-17,28.25063
LUV,2014-04-18,28.64995
LUV,2014-04-19,28.68212
LUV,2014-04-20,28.15213
LUV,2014-04-21,28.50715
LUV,2014-04-22,28.66939
LUV,2014-04-23,28.44159
LUV,2014-04-24,28.48818
LUV,2014-04-25,28.72957
LUV,2014-04-26,28.34342
LUV,2014-04-27,28.56849
LUV,2014-04-28,28.43712
LUV,2014-04-29,28.51301
LUV,2014-04-30,28.66942
LUV,2014-05-01,28.21603
LUV,2014-05-02,28.48321
LUV,2014-05-03,28.32718
LUV,2014-05-04,28.27832
LUV,2014-05-05,28.80377
LUV,2014-05-06,28.73157
LUV,2014-05-07,28.72055
LUV,2014-05-13,28.60053
LUV,2014-05-14,28.64001
LUV,2014-05-15,28.28457
LUV,2014-05-16,28.71597
LUV,2014-05-17,28.66547
LUV,2014-05-18,28.48431
LUV,2014-05-19,28.48745
LUV,2014-05-20,28.45646
LUV,2014-05-21,28.46847
LUV,2014-05-22,28.67057
LUV,2014-05-23,28.16144
LUV,2014-05-24,28.73225
LUV,2014-05-25,28.59149
LUV,2014-05-26,28.19035
LUV,2014-05-27,28.62602
LUV,2014-05-28,28.78562
LUV,2014-05-29,28.40233
LUV,2014-05-30,28.22589
LUV,2014-05-31,28.28369
LUV,2014-06-01,28.65958
LUV,2014-06-02,28.23519
LUV,2014-06-03,28.51432
LUV,2014-06-04,28.62172
LUV,2014-06-05,28.53903
LUV,2014-06-06,28.31045
LUV,2014-06-07,28.31195
LUV,2014-06-13,28.34559
LUV,2014-06-14,28.1419
LUV,2014-06-15,28.4581
LUV,2014-06-16,28.43954
LUV,2014-06-17,28.387
LUV,2014-06-18,28.61506
LUV,2014-06-19,28.54328
LUV,2014-06-20,28.34888
LUV,2014-06-21,28.40495
LUV,2014-06-22,28.51747
LUV,2014-06-23,28.43126
LUV,2014-06-24,28.5749
LUV,2014-06-25,28.5334
LUV,2014-06-26,28.47379
LUV,2014-06-27,28.69273
LUV,2014-06-28,28.42571
LUV,2014-06-29,28.25259
LUV,2014-06-30,28.27359
LUV,2014-07-01,28.22411
LUV,2014-07-02,28.31895
LUV,2014-07-03,28.56701
LUV,2014-07-04,28.50804
LUV,2014-07-05,28.63543
LUV,2014-07-06,28.80587
LUV,2014-08-01,28.54324
LUV,2014-08-02,28.45864
LUV,2014-08-03,28.49714
LUV,2014-08-04,28.51339
LUV,2014-08-05,28.40216
LUV,2014-08-06,28.31635
LUV,2014-09-01,28.55389
LUV,2014-09-02,28.87884
LUV,2014-09-03,28.21494
LUV,2014-09-04,28.51458
LUV,2014-09-05,28.35803
LUV,2014-09-06,28.35643
LUV,2014-10-01,28.54355
LUV,2014-10-02,28.48023
LUV,2014-10-03,28.58669
LUV,2014-10-04,28.69009
LUV,2014-10-05,28.47017
LUV,2014-10-06,28.22603
LUV,2014-11-01,28.86352
LUV,2014-11-02,28.29951
LUV,2014-11-03,28.42912
LUV,2014-11-04,28.4697
LUV,2014-11-05,28.64198
LUV,2014-11-06,28.81367
LUV,2014-12-01,28.58491
LUV,2014-12-02,28.3296
LUV,2014-12-03,28.33094
LUV,2014-12-04,28.24408
LUV,2014-12-05,28.33017
LUV,2014-12-06,28.6759
MMM,2014-01-01,136.5542
MMM,2014-01-02,136.1853
MMM,2014-01-03,135.7667
MMM,2014-01-04,136.5187
MMM,2014-01-05,136.7408
MMM,2014-01-06,136.2216
MMM,2014-01-07,136.6344
MMM,2014-01-13,136.7316
MMM,2014-01-14,136.71
MMM,2014-01-15,136.4445
MMM,2014-01-16,136.3481
MMM,2014-01-17,136.6785
MMM,2014-01-18,136.7644
MMM,2014-01-19,136.6357
MMM,2014-01-20,136.7683
MMM,2014-01-21,136.7623
MMM,2014-01-22,136.8625
MMM,2014-01-23,137.2884
MMM,2014-01-24,137.1835
MMM,2014-01-25,135.9725
MMM,2014-01-26,136.3114
MMM,2014-01-27,136.246
MMM,2014-01-28,136.3058
MMM,2014-01-29,136.5001
MMM,2014-01-30,136.9515
MMM,2014-01-31,136.3116
MMM,2014-02-01,136.4513
MMM,2014-02-02,136.7574
MMM,2014-02-03,136.2466
MMM,2014-02-04,136.61
MMM,2014-02-05,136.2456
MMM,2014-02-06,136.428
MMM,2014-02-07,136.4144
MMM,2014-02-13,136.9115
MMM,2014-02-14,136.6022
MMM,2014-02-15,136.3434
MMM,2014-02-16,136.6272
MMM,2014-02-17,136.3451
MMM,2014-02-18,136.5002
MMM,2014-02-19,137.0249
MMM,2014-02-20,136.4862
MMM,2014-02-21,136.8905
MMM,2014-02-22,136.8928
MMM,2014-02-23,136.6874
MMM,2014-02-24,136.2957
MMM,2014-02-25,136.3578
MMM,2014-02-26,136.9906
MMM,2014-02-27,136.1558
MMM,2014-02-28,136.2675
MMM,2014-03-01,136.8004
MMM,2014-03-02,136.7106
MMM,2014-03-03,136.454
MMM,2014-03-04,136.4806
MMM,2014-03-05,136.522
MMM,2014-03-06,136.475
MMM,2014-03-07,136.1535
MMM,2014-03-13,136.2837
MMM,2014-03-14,136.3759
MMM,2014-03-15,136.306
MMM,2014-03-16,136.4957
MMM,2014-03-17,137.099
MMM,2014-03-18,136.7487
MMM,2014-03-19,136.8321
MMM,2014-03-20,136.5893
MMM,2014-03-21,135.7259
MMM,2014-03-22,136.4402
MMM,2014-03-23,135.9161
MMM,2014-03-24,136.72
MMM,2014-03-25,136.887
MMM,2014-03-26,136.0886
MMM,2014-03-27,136.5988
MMM,2014-03-28,136.5304
MMM,2014-03-29,136.5524
MMM,2014-03-30,137.0145
MMM,2014-03-31,136.1786
MMM,2014-04-01,136.6343
MMM,2014-04-02,136.6765
MMM,2014-04-03,136.7315
MMM,2014-04-04,136.8256
MMM,2014-04-05,136.2605
MMM,2014-04-06,136.4701
MMM,2014-04-07,136.353
MMM,2014-04-13,136.4162
MMM,2014-04-14,135.9789
MMM,2014-04-15,136.8196
MMM,2014-04-16,136.5706
MMM,2014-04-17,136.6032
MMM,2014-04-18,136.8214
MMM,2014-04-19,136.2479
MMM,2014-04-20,136.536
MMM,2014-04-21,136.5388
MMM,2014-04-22,136.7359
MMM,2014-04-23,136.6164
MMM,2014-04-24,137.0822
MMM,2014-04-25,136.739
MMM,2014-04-26,136.1191
MMM,2014-04-27,136.3477
MMM,2014-04-28,136.731
MMM,2014-04-29,136.4293
MMM,2014-04-30,136.4276
MMM,2014-05-01,136.0487
MMM,2014-05-02,136.8354
MMM,2014-05-03,136.3836
MMM,2014-05-04,137.0133
MMM,2014-05-05,136.5528
MMM,2014-05-06,136.1987
MMM,2014-05-07,136.274
MMM,2014-05-13,136.6398
MMM,2014-05-14,136.3415
MMM,2014-05-15,136.2143
MMM,2014-05-16,136.6716
MMM,2014-05-17,136.7071
MMM,2014-05-18,136.2235
MMM,2014-05-19,136.3129
MMM,2014-05-20,136.9793
MMM,2014-05-21,136.8851
MMM,2014-05-22,136.5269
MMM,2014-05-23,136.7612
MMM,2014-05-24,136.7633
MMM,2014-05-25,137.0428
MMM,2014-05-26,136.5092
MMM,2014-05-27,136.833
MMM,2014-05-28,137.3344
MMM,2014-05-29,136.2283
MMM,2014-05-30,136.5717
MMM,2014-05-31,136.1578
MMM,2014-06-01,136.3482
MMM,2014-06-02,136.8514
MMM,2014-06-03,136.9419
MMM,2014-06-04,136.7627
MMM,2014-06-05,136.7815
MMM,2014-06-06,136.8837
MMM,2014-06-07,136.8436
MMM,2014-06-13,136.6525
MMM,2014-06-14,135.8642
MMM,2014-06-15,136.5676
MMM,2014-06-16,136.4549
MMM,2014-06-17,136.5759
MMM,2014-06-18,136.541
MMM,2014-06-19,136.5408
MMM,2014-06-20,136.1345
MMM,2014-06-21,136.2197
MMM,2014-06-22,136.5501
MMM,2014-06-23,136.3851
MMM,2014-06-24,136.341
MMM,2014-06-25,136.347
MMM,2014-06-26,136.5175
MMM,2014-06-27,136.7884
MMM,2014-06-28,136.4425
MMM,2014-06-29,136.2015
MMM,2014-06-30,136.0863
MMM,2014-07-01,136.7182
MMM,2014-07-02,136.7228
MMM,2014-07-03,135.9129
MMM,2014-07-04,136.2519
MMM,2014-07-05,136.5378
MMM,2014-07-06,136.6905
MMM,2014-08-01,136.6314
MMM,2014-08-02,136.4064
MMM,2014-08-03,136.7279
MMM,2014-08-04,136.3831
MMM,2014-08-05,136.594
MMM,2014-08-06,136.4842
MMM,2014-09-01,136.7412
MMM,2014-09-02,136.3945
MMM,2014-09-03,136.7821
MMM,2014-09-04,136.0986
MMM,2014-09-05,136.8787
MMM,2014-09-06,137.2653
MMM,2014-10-01,136.9842
MMM,2014-10-02,136.7679
MMM,2014-10-03,136.8517
MMM,2014-10-04,135.9372
MMM,2014-10-05,136.2632
MMM,2014-10-06,136.026
MMM,2014-11-01,136.4381
MMM,2014-11-02,136.476
MMM,2014-11-03,136.5938
MMM,2014-11-04,136.1816
MMM,2014-11-05,136.8521
MMM,2014-11-06,136.5303
MMM,2014-12-01,136.2915
MMM,2014-12-02,136.6173
MMM,2014-12-03,136.5201
MMM,2014-12-04,136.2311
MMM,2014-12-05,136.8415
MMM,2014-12-06,136.9668
MSFT,2014-01-01,40.63905
MSFT,2014-01-02,40.47928
MSFT,2014-01-03,40.45003
MSFT,2014-01-04,40.55159
MSFT,2014-01-05,40.73613
MSFT,2014-01-06,40.68449
MSFT,2014-01-07,40.35475
MSFT,2014-01-13,40.4399
MSFT,2014-01-14,40.94652
MSFT,2014-01-15,40.87786
MSFT,2014-01-16,40.59745
MSFT,2014-01-17,40.40392
MSFT,2014-01-18,40.52532
MSFT,2014-01-19,40.36963
MSFT,2014-01-20,40.44902
MSFT,2014-01-21,40.36526
MSFT,2014-01-22,40.64067
MSFT,2014-01-23,40.71058
MSFT,2014-01-24,40.45106
MSFT,2014-01-25,40.56641
MSFT,2014-01-26,40.7147
MSFT,2014-01-27,40.39486
MSFT,2014-01-28,40.61081
MSFT,2014-01-29,40.30438
MSFT,2014-01-30,40.43256
MSFT,2014-01-31,40.62039
MSFT,2014-02-01,40.77747
MSFT,2014-02-02,40.50704
MSFT,2014-02-03,40.56215
MSFT,2014-02-04,40.80781
MSFT,2014-02-05,40.65506
MSFT,2014-02-06,40.74833
MSFT,2014-02-07,40.66231
MSFT,2014-02-13,40.62731
MSFT,2014-02-14,40.51081
MSFT,2014-02-15,40.54282
MSFT,2014-02-16,40.4581
MSFT,2014-02-17,40.29052
MSFT,2014-02-18,40.75811
MSFT,2014-02-19,40.64738
MSFT,2014-02-20,40.74947
MSFT,2014-02-21,40.55913
MSFT,2014-02-22,40.649
MSFT,2014-02-23,40.47569
MSFT,2014-02-24,40.5443
MSFT,2014-02-25,40.60442
MSFT,2014-02-26,40.52821
MSFT,2014-02-27,40.42499
MSFT,2014-02-28,40.61506
MSFT,2014-03-01,40.45076
MSFT,2014-03-02,40.59551
MSFT,2014-03-03,40.72972
MSFT,2014-03-04,40.73578
MSFT,2014-03-05,40.49345
MSFT,2014-03-06,40.53086
MSFT,2014-03-07,40.79751
MSFT,2014-03-13,40.61135
MSFT,2014-03-14,40.60893
MSFT,2014-03-15,40.51011
MSFT,2014-03-16,40.46774
MSFT,2014-03-17,40.57383
MSFT,2014-03-18,40.55098
MSFT,2014-03-19,40.50773
MSFT,2014-03-20,40.55357
MSFT,2014-03-21,40.45346
MSFT,2014-03-22,40.66561
MSFT,2014-03-23,40.52989
MSFT,2014-03-24,40.46302
MSFT,2014-03-25,40.41401
MSFT,2014-03-26,40.41098
MSFT,2014-03-27,40.69405
MSFT,2014-03-28,40.62368
MSFT,2014-03-29,40.65526
MSFT,2014-03-30,40.51903
MSFT,2014-03-31,40.49137
MSFT,2014-04-01,40.5541
MSFT,2014-04-02,40.59476
MSFT,2014-04-03,40.66859
MSFT,2014-04-04,40.53138
MSFT,2014-04-05,40.79483
MSFT,2014-04-06,40.52605
MSFT,2014-04-07,40.54058
MSFT,2014-04-13,40.63093
MSFT,2014-04-14,40.28844
MSFT,2014-04-15,40.45412
MSFT,2014-04-16,40.42758
MSFT,2014-04-17,40.47177
MSFT,2014-04-18,40.34103
MSFT,2014-04-19,40.52024
MSFT,2014-04-20,40.31999
MSFT,2014-04-21,40.56425
MSFT,2014-04-22,40.57844
MSFT,2014-04-23,40.65605
MSFT,2014-04-24,40.61124
MSFT,2014-04-25,40.44686
MSFT,2014-04-26,40.56092
MSFT,2014-04-27,40.51362
MSFT,2014-04-28,40.54246
MSFT,2014-04-29,40.53044
MSFT,2014-04-30,40.46667
MSFT,2014-05-01,40.51211
MSFT,2014-05-02,40.61499
MSFT,2014-05-03,40.58675
MSFT,2014-05-04,40.4443
MSFT,2014-05-05,40.64424
MSFT,2014-05-06,40.75391
MSFT,2014-05-07,40.60851
MSFT,2014-05-13,40.60632
MSFT,2014-05-14,40.35805
MSFT,2014-05-15,40.39813
MSFT,2014-05-16,40.5277
MSFT,2014-05-17,40.82525
MSFT,2014-05-18,40.54381
MSFT,2014-05-19,40.61783
MSFT,2014-05-20,40.47369
MSFT,2014-05-21,40.63222
MSFT,2014-05-22,40.56621
MSFT,2014-05-23,40.56444
MSFT,2014-05-24,40.69721
MSFT,2014-05-25,40.49764
MSFT,2014-05-26,40.5678
MSFT,2014-05-27,40.56709
MSFT,2014-05-28,40.71579
MSFT,2014-05-29,40.73956
MSFT,2014-05-30,40.61194
MSFT,2014-05-31,40.73483
MSFT,2014-06-01,40.52052
MSFT,2014-06-02,40.46963
MSFT,2014-06-03,40.54492
MSFT,2014-06-04,40.44513
MSFT,2014-06-05,40.75187
MSFT,2014-06-06,40.66521
MSFT,2014-06-07,40.54884
MSFT,2014-06-13,40.62008
MSFT,2014-06-14,40.54232
MSFT,2014-06-15,40.66088
MSFT,2014-06-16,40.62398
MSFT,2014-06-17,40.3946
MSFT,2014-06-18,40.65329
MSFT,2014-06-19,40.5387
MSFT,2014-06-20,40.53076
MSFT,2014-06-21,40.80995
MSFT,2014-06-22,40.68356
MSFT,2014-06-23,40.60646
MSFT,2014-06-24,40.57483
MSFT,2014-06-25,40.55174
MSFT,2014-06-26,40.63788
MSFT,2014-06-27,40.38728
MSFT,2014-06-28,40.54709
MSFT,2014-06-29,40.32721
MSFT,2014-06-30,40.61148
MSFT,2014-07-01,40.37763
MSFT,2014-07-02,40.61436
MSFT,2014-07-03,40.49288
MSFT,2014-07-04,40.49096
MSFT,2014-07-05,40.68644
MSFT,2014-07-06,40.51197
MSFT,2014-08-01,40.53255
MSFT,2014-08-02,40.42024
MSFT,2014-08-03,40.37097
MSFT,2014-08-04,40.48856
MSFT,2014-08-05,40.65531
MSFT,2014-08-06,40.53565
MSFT,2014-09-01,40.45543
MSFT,2014-09-02,40.57795
MSFT,2014-09-03,40.64266
MSFT,2014-09-04,40.38916
MSFT,2014-09-05,40.26417
MSFT,2014-09-06,40.50103
MSFT,2014-10-01,40.54414
MSFT,2014-10-02,40.76549
MSFT,2014-10-03,40.43757
MSFT,2014-10-04,40.3952
MSFT,2014-10-05,40.75148
MSFT,2014-10-06,40.45094
MSFT,2014-11-01,40.72539
MSFT,2014-11-02,40.37221
MSFT,2014-11-03,40.39798
MSFT,2014-11-04,40.48707
MSFT,2014-11-05,40.60054
MSFT,2014-11-06,40.40725
MSFT,2014-12-01,40.52501
MSFT,2014-12-02,40.64459
MSFT,2014-12-03,40.65627
MSFT,2014-12-04,40.4759
MSFT,2014-12-05,40.54061
MSFT,2014-12-06,40.56335
ORCL,2014-01-01,39.32158
ORCL,2014-01-02,39.24384
ORCL,2014-01-03,39.25767
ORCL,2014-01-04,39.16703
ORCL,2014-01-05,39.18154
ORCL,2014-01-06,39.23233
ORCL,2014-01-07,39.21135
ORCL,2014-01-13,39.31147
ORCL,2014-01-14,39.20153
ORCL,2014-01-15,39.29381
ORCL,2014-01-16,39.15476
ORCL,2014-01-17,39.17737
ORCL,2014-01-18,39.20403
ORCL,2014-01-19,39.30533
ORCL,2014-01-20,39.33801
ORCL,2014-01-21,39.11042
ORCL,2014-01-22,39.22993
ORCL,2014-01-23,39.24684
ORCL,2014-01-24,39.1552
ORCL,2014-01-25,39.21153
ORCL,2014-01-26,39.26991
ORCL,2014-01-27,39.02051
ORCL,2014-01-28,39.14713
ORCL,2014-01-29,39.27007
ORCL,2014-01-30,39.16741
ORCL,2014-01-31,39.22636
ORCL,2014-02-01,39.20956
ORCL,2014-02-02,39.2088
ORCL,2014-02-03,39.2134
ORCL,2014-02-04,39.18913
ORCL,2014-02-05,39.27164
ORCL,2014-02-06,39.27305
ORCL,2014-02-07,39.22055
ORCL,2014-02-13,39.16923
ORCL,2014-02-14,39.14018
ORCL,2014-02-15,39.17728
ORCL,2014-02-16,39.2123
ORCL,2014-02-17,39.18404
ORCL,2014-02-18,39.33641
ORCL,2014-02-19,39.24566
ORCL,2014-02-20,39.29591
ORCL,2014-02-21,39.17041
ORCL,2014-02-22,39.15672
ORCL,2014-02-23,39.20151
ORCL,2014-02-24,39.22312
ORCL,2014-02-25,39.30811
ORCL,2014-02-26,39.25854
ORCL,2014-02-27,39.09384
ORCL,2014-02-28,39.20875
ORCL,2014-03-01,39.2297
ORCL,2014-03-02,39.23801
ORCL,2014-03-03,39.29558
ORCL,2014-03-04,39.24137
ORCL,2014-03-05,39.23373
ORCL,2014-03-06,39.21645
ORCL,2014-03-07,39.18555
ORCL,2014-03-13,39.22434
ORCL,2014-03-14,39.18063
ORCL,2014-03-15,39.28619
ORCL,2014-03-16,39.17875
ORCL,2014-03-17,39.27056
ORCL,2014-03-18,39.09652
ORCL,2014-03-19,39.26951
ORCL,2014-03-20,39.13182
ORCL,2014-03-21,39.23048
ORCL,2014-03-22,39.21937
ORCL,2014-03-23,39.21676
ORCL,2014-03-24,39.36338
ORCL,2014-03-25,39.16292
ORCL,2014-03-26,39.30809
ORCL,2014-03-27,39.2968
ORCL,2014-03-28,39.28336
ORCL,2014-03-29,39.1562
ORCL,2014-03-30,39.19788
ORCL,2014-03-31,39.23478
ORCL,2014-04-01,39.23629
ORCL,2014-04-02,39.17717
ORCL,2014-04-03,39.24933
ORCL,2014-04-04,39.16748
ORCL,2014-04-05,39.20581
ORCL,2014-04-06,39.21481
ORCL,2014-04-07,39.09056
ORCL,2014-04-13,39.25058
ORCL,2014-04-14,39.17845
ORCL,2014-04-15,39.22688
ORCL,2014-04-16,39.22439
ORCL,2014-04-17,39.19766
ORCL,2014-04-18,39.14301
ORCL,2014-04-19,39.26909
ORCL,2014-04-20,39.2336
ORCL,2014-04-21,39.23097
ORCL,2014-04-22,39.1543
ORCL,2014-04-23,39.28992
ORCL,2014-04-24,39.25646
ORCL,2014-04-25,39.28992
ORCL,2014-04-26,39.20123
ORCL,2014-04-27,39.18056
ORCL,2014-04-28,39.15997
ORCL,2014-04-29,39.12361
ORCL,2014-04-30,39.22275
ORCL,2014-05-01,39.17771
ORCL,2014-05-02,39.2182
ORCL,2014-05-03,39.30671
ORCL,2014-05-04,39.20521
ORCL,2014-05-05,39.19547
ORCL,2014-05-06,39.25049
ORCL,2014-05-07,39.21811
ORCL,2014-05-13,39.25036
ORCL,2014-05-14,39.24731
ORCL,2014-05-15,39.2321
ORCL,2014-05-16,39.24916
ORCL,2014-05-17,39.25018
ORCL,2014-05-18,39.21075
ORCL,2014-05-19,39.18894
ORCL,2014-05-20,39.09334
ORCL,2014-05-21,39.23572
ORCL,2014-05-22,39.19173
ORCL,2014-05-23,39.29468
ORCL,2014-05-24,39.18571
ORCL,2014-05-25,39.24057
ORCL,2014-05-26,39.30384
ORCL,2014-05-27,39.2133
ORCL,2014-05-28,39.20781
ORCL,2014-05-29,39.24187
ORCL,2014-05-30,39.2953
ORCL,2014-05-31,39.25135
ORCL,2014-06-01,39.15136
ORCL,2014-06-02,39.12028
ORCL,2014-06-03,39.17548
ORCL,2014-06-04,39.12299
ORCL,2014-06-05,39.19971
ORCL,2014-06-06,39.21635
ORCL,2014-06-07,39.26756
ORCL,2014-06-13,39.19488
ORCL,2014-06-14,39.15123
ORCL,2014-06-15,39.28077
ORCL,2014-06-16,39.23918
ORCL,2014-06-17,39.15782
ORCL,2014-06-18,39.29151
ORCL,2014-06-19,39.19903
ORCL,2014-06-20,39.1995
ORCL,2014-06-21,39.24268
ORCL,2014-06-22,39.17727
ORCL,2014-06-23,39.14446
ORCL,2014-06-24,39.23473
ORCL,2014-06-25,39.25549
ORCL,2014-06-26,39.16012
ORCL,2014-06-27,39.13654
ORCL,2014-06-28,39.17705
ORCL,2014-06-29,39.25917
ORCL,2014-06-30,39.14799
ORCL,2014-07-01,39.26528
ORCL,2014-07-02,39.19689
ORCL,2014-07-03,39.12954
ORCL,2014-07-04,39.29804
ORCL,2014-07-05,39.21112
ORCL,2014-07-06,39.32626
ORCL,2014-08-01,39.18206
ORCL,2014-08-02,39.19793
ORCL,2014-08-03,39.3212
ORCL,2014-08-04,39.16915
ORCL,2014-08-05,39.21175
ORCL,2014-08-06,39.2404
ORCL,2014-09-01,39.12855
ORCL,2014-09-02,39.2275
ORCL,2014-09-03,39.14493
ORCL,2014-09-04,39.28325
ORCL,2014-09-05,39.24121
ORCL,2014-09-06,39.23987
ORCL,2014-10-01,39.31679
ORCL,2014-10-02,39.22426
ORCL,2014-10-03,39.28658
ORCL,2014-10-04,39.12956
ORCL,2014-10-05,39.18979
ORCL,2014-10-06,39.25092
ORCL,2014-11-01,39.21884
ORCL,2014-11-02,39.24691
ORCL,2014-11-03,39.30367
ORCL,2014-11-04,39.19118
ORCL,2014-11-05,39.24445
ORCL,2014-11-06,39.15607
ORCL,2014-12-01,39.10796
ORCL,2014-12-02,39.2742
ORCL,2014-12-03,39.28373
ORCL,2014-12-04,39.24924
ORCL,2014-12-05,39.24448
ORCL,2014-12-06,39.28735
T,2014-01-01,31.56129
T,2014-01-02,31.65002
T,2014-01-03,31.66743
T,2014-01-04,31.57087
T,2014-01-05,31.53643
T,2014-01-06,31.62942
T,2014-01-07,31.59162
T,2014-01-13,31.56406
T,2014-01-14,31.63083
T,2014-01-15,31.61315
T,2014-01-16,31.63698
T,2014-01-17,31.61035
T,2014-01-18,31.62298
T,2014-01-19,31.63352
T,2014-01-20,31.64959
T,2014-01-21,31.65963
T,2014-01-22,31.59376
T,2014-01-23,31.64532
T,2014-01-24,31.69565
T,2014-01-25,31.60535
T,2014-01-26,31.62309
T,2014-01-27,31.62658
T,2014-01-28,31.62602
T,2014-01-29,31.5503
T,2014-01-30,31.59918
T,2014-01-31,31.57421
T,2014-02-01,31.7226
T,2014-02-02,31.56983
T,2014-02-03,31.62719
T,2014-02-04,31.66661
T,2014-02-05,31.60031
T,2014-02-06,31.67679
T,2014-02-07,31.56101
T,2014-02-13,31.67475
T,2014-02-14,31.59821
T,2014-02-15,31.67344
T,2014-02-16,31.62429
T,2014-02-17,31.6275
T,2014-02-18,31.62826
T,2014-02-19,31.57981
T,2014-02-20,31.62239
T,2014-02-21,31.6206
T,2014-02-22,31.66546
T,2014-02-23,31.60742
T,2014-02-24,31.60681
T,2014-02-25,31.64997
T,2014-02-26,31.60765
T,2014-02-27,31.61123
T,2014-02-28,31.56753
T,2014-03-01,31.60657
T,2014-03-02,31.60422
T,2014-03-03,31.62299
T,2014-03-04,31.59736
T,2014-03-05,31.63622
T,2014-03-06,31.63538
T,2014-03-07,31.58593
T,2014-03-13,31.54143
T,2014-03-14,31.63688
T,2014-03-15,31.64048
T,2014-03-16,31.58901
T,2014-03-17,31.63633
T,2014-03-18,31.58341
T,2014-03-19,31.66226
T,2014-03-20,31.62108
T,2014-03-21,31.6314
T,2014-03-22,31.58052
T,2014-03-23,31.62737
T,2014-03-24,31.61314
T,2014-03-25,31.59939
T,2014-03-26,31.56695
T,2014-03-27,31.59404
T,2014-03-28,31.60833
T,2014-03-29,31.62911
T,2014-03-30,31.61666
T,2014-03-31,31.51776
T,2014-04-01,31.61297
T,2014-04-02,31.60451
T,2014-04-03,31.60292
T,2014-04-04,31.61749
T,2014-04-05,31.59045
T,2014-04-06,31.60385
T,2014-04-07,31.63729
T,2014-04-13,31.6337
T,2014-04-14,31.58442
T,2014-04-15,31.63256
T,2014-04-16,31.66654
T,2014-04-17,31.57978
T,2014-04-18,31.6592
T,2014-04-19,31.60829
T,2014-04-20,31.70055
T,2014-04-21,31.58843
T,2014-04-22,31.67074
T,2014-04-23,31.60425
T,2014-04-24,31.61569
T,2014-04-25,31.58099
T,2014-04-26,31.5516
T,2014-04-27,31.68185
T,2014-04-28,31.68868
T,2014-04-29,31.59765
T,2014-04-30,31.58764
T,2014-05-01,31.6492
T,2014-05-02,31.66904
T,2014-05-03,31.6158
T,2014-05-04,31.62149
T,2014-05-05,31.56932
T,2014-05-06,31.66472
T,2014-05-07,31.5879
T,2014-05-13,31.56971
T,2014-05-14,31.64116
T,2014-05-15,31.61245
T,2014-05-16,31.61358
T,2014-05-17,31.60436
T,2014-05-18,31.61159
T,2014-05-19,31.63642
T,2014-05-20,31.60652
T,2014-05-21,31.65643
T,2014-05-22,31.59565
T,2014-05-23,31.63253
T,2014-05-24,31.54995
T,2014-05-25,31.56151
T,2014-05-26,31.61155
T,2014-05-27,31.58592
T,2014-05-28,31.60801
T,2014-05-29,31.59892
T,2014-05-30,31.61881
T,2014-05-31,31.57937
T,2014-06-01,31.61833
T,2014-06-02,31.66181
T,2014-06-03,31.59226
T,2014-06-04,31.65788
T,2014-06-05,31.59254
T,2014-06-06,31.63211
T,2014-06-07,31.48043
T,2014-06-13,31.53214
T,2014-06-14,31.61473
T,2014-06-15,31.65539
T,2014-06-16,31.61017
T,2014-06-17,31.6155
T,2014-06-18,31.59963
T,2014-06-19,31.68286
T,2014-06-20,31.59042
T,2014-06-21,31.63707
T,2014-06-22,31.59952
T,2014-06-23,31.59384
T,2014-06-24,31.59855
T,2014-06-25,31.60634
T,2014-06-26,31.66333
T,2014-06-27,31.57817
T,2014-06-28,31.57631
T,2014-06-29,31.61883
T,2014-06-30,31.71104
T,2014-07-01,31.56399
T,2014-07-02,31.54948
T,2014-07-03,31.67317
T,2014-07-04,31.60378
T,2014-07-05,31.55387
T,2014-07-06,31.62755
T,2014-08-01,31.63073
T,2014-08-02,31.6706
T,2014-08-03,31.63367
T,2014-08-04,31.58578
T,2014-08-05,31.57223
T,2014-08-06,31.62136
T,2014-09-01,31.55738
T,2014-09-02,31.62031
T,2014-09-03,31.58807
T,2014-09-04,31.66262
T,2014-09-05,31.5966
T,2014-09-06,31.6395
T,2014-10-01,31.67049
T,2014-10-02,31.59754
T,2014-10-03,31.63053
T,2014-10-04,31.6255
T,2014-10-05,31.57774
T,2014-10-06,31.62648
T,2014-11-01,31.6528
T,2014-11-02,31.65677
T,2014-11-03,31.55042
T,2014-11-04,31.62645
T,2014-11-05,31.66784
T,2014-11-06,31.62838
T,2014-12-01,31.62735
T,2014-12-02,31.64241
T,2014-12-03,31.60508
T,2014-12-04,31.56005
T,2014-12-05,31.61267
T,2014-12-06,31.63658
TGT,2014-01-01,58.3946
TGT,2014-01-02,58.53912
TGT,2014-01-03,58.5634
TGT,2014-01-04,58.39016
TGT,2014-01-05,58.32439
TGT,2014-01-06,58.46947
TGT,2014-01-07,58.48556
TGT,2014-01-13,58.65209
TGT,2014-01-14,58.38699
TGT,2014-01-15,58.6671
TGT,2014-01-16,58.54795
TGT,2014-01-17,58.43362
TGT,2014-01-18,58.39284
TGT,2014-01-19,58.41145
TGT,2014-01-20,58.61088
TGT,2014-01-21,58.38191
TGT,2014-01-22,58.46127
TGT,2014-01-23,58.43882
TGT,2014-01-24,58.59004
TGT,2014-01-25,58.48072
TGT,2014-01-26,58.31668
TGT,2014-01-27,58.53976
TGT,2014-01-28,58.60537
TGT,2014-01-29,58.46764
TGT,2014-01-30,58.72366
TGT,2014-01-31,58.57985
TGT,2014-02-01,58.40042
TGT,2014-02-02,58.49141
TGT,2014-02-03,58.5539
TGT,2014-02-04,58.30846
TGT,2014-02-05,58.52342
TGT,2014-02-06,58.62433
TGT,2014-02-07,58.55155
TGT,2014-02-13,58.33222
TGT,2014-02-14,58.5388
TGT,2014-02-15,58.42381
TGT,2014-02-16,58.26239
TGT,2014-02-17,58.54054
TGT,2014-02-18,58.29906
TGT,2014-02-19,58.58029
TGT,2014-02-20,58.4917
TGT,2014-02-21,58.34141
TGT,2014-02-22,58.55895
TGT,2014-02-23,58.9478
TGT,2014-02-24,58.33964
TGT,2014-02-25,58.34958
TGT,2014-02-26,58.44643
TGT,2014-02-27,58.78217
TGT,2014-02-28,58.56619
TGT,2014-03-01,58.76422
TGT,2014-03-02,58.43864
TGT,2014-03-03,58.6093
TGT,2014-03-04,58.1129
TGT,2014-03-05,58.61338
TGT,2014-03-06,58.34773
TGT,2014-03-07,58.13763
TGT,2014-03-13,58.60537
TGT,2014-03-14,58.51821
TGT,2014-03-15,58.3134
TGT,2014-03-16,58.23462
TGT,2014-03-17,58.40875
TGT,2014-03-18,58.64871
TGT,2014-03-19,58.4764
TGT,2014-03-20,58.39358
TGT,2014-03-21,58.64008
TGT,2014-03-22,58.63624
TGT,2014-03-23,58.41954
TGT,2014-03-24,58.42159
TGT,2014-03-25,58.57886
TGT,2014-03-26,58.52815
TGT,2014-03-27,58.24135
TGT,2014-03-28,58.62683
TGT,2014-03-29,58.66544
TGT,2014-03-30,58.37502
TGT,2014-03-31,58.56274
TGT,2014-04-01,58.49315
TGT,2014-04-02,58.59391
TGT,2014-04-03,58.50156
TGT,2014-04-04,58.49942
TGT,2014-04-05,58.65836
TGT,2014-04-06,58.62156
TGT,2014-04-07,58.54583
TGT,2014-04-13,58.73254
TGT,2014-04-14,58.6811
TGT,2014-04-15,58.45522
TGT,2014-04-16,58.65351
TGT,2014-04-17,58.4041
TGT,2014-04-18,58.2808
TGT,2014-04-19,58.43589
TGT,2014-04-20,58.30464
TGT,2014-04-21,58.45421
TGT,2014-04-22,58.37951
TGT,2014-04-23,58.57645
TGT,2014-04-24,58.14085
TGT,2014-04-25,58.26487
TGT,2014-04-26,58.38627
TGT,2014-04-27,58.40771
TGT,2014-04-28,58.55946
TGT,2014-04-29,58.49774
TGT,2014-04-30,58.34149
TGT,2014-05-01,58.44141
TGT,2014-05-02,58.52428
TGT,2014-05-03,58.78355
TGT,2014-05-04,58.26281
TGT,2014-05-05,58.51003
TGT,2014-05-06,58.34125
TGT,2014-05-07,58.31202
TGT,2014-05-13,58.35707
TGT,2014-05-14,58.615
TGT,2014-05-15,58.65815
TGT,2014-05-16,58.33411
TGT,2014-05-17,58.63597
TGT,2014-05-18,58.56953
TGT,2014-05-19,58.33709
TGT,2014-05-20,58.58207
TGT,2014-05-21,58.43895
TGT,2014-05-22,58.5793
TGT,2014-05-23,58.21546
TGT,2014-05-24,58.51318
TGT,2014-05-25,58.27923
TGT,2014-05-26,58.37336
TGT,2014-05-27,58.48569
TGT,2014-05-28,58.03836
TGT,2014-05-29,58.67803
TGT,2014-05-30,58.62315
TGT,2014-05-31,58.50307
TGT,2014-06-01,58.32499
TGT,2014-06-02,58.13518
TGT,2014-06-03,58.72512
TGT,2014-06-04,58.68819
TGT,2014-06-05,58.69448
TGT,2014-06-06,58.45184
TGT,2014-06-07,58.45078
TGT,2014-06-13,58.42007
TGT,2014-06-14,58.52029
TGT,2014-06-15,58.45593
TGT,2014-06-16,58.45966
TGT,2014-06-17,58.60736
TGT,2014-06-18,58.56035
TGT,2014-06-19,58.55582
TGT,2014-06-20,58.45246
TGT,2014-06-21,58.62066
TGT,2014-06-22,58.48856
TGT,2014-06-23,58.6776
TGT,2014-06-24,58.3525
TGT,2014-06-25,58.42158
TGT,2014-06-26,58.30336
TGT,2014-06-27,58.45496
TGT,2014-06-28,58.46402
TGT,2014-06-29,58.46246
TGT,2014-06-30,58.34093
TGT,2014-07-01,58.6637
TGT,2014-07-02,58.07276
TGT,2014-07-03,58.3381
TGT,2014-07-04,58.46444
TGT,2014-07-05,58.44709
TGT,2014-07-06,58.39352
TGT,2014-08-01,58.30228
TGT,2014-08-02,58.35127
TGT,2014-08-03,58.42533
TGT,2014-08-04,58.162
TGT,2014-08-05,58.63977
TGT,2014-08-06,58.07945
TGT,2014-09-01,58.68963
TGT,2014-09-02,58.45273
TGT,2014-09-03,58.49064
TGT,2014-09-04,58.5595
TGT,2014-09-05,58.4196
TGT,2014-09-06,58.42857
TGT,2014-10-01,58.42914
TGT,2014-10-02,58.38575
TGT,2014-10-03,58.45491
TGT,2014-10-04,58.29707
TGT,2014-10-05,58.31997
TGT,2014-10-06,58.40826
TGT,2014-11-01,58.44095
TGT,2014-11-02,58.65019
TGT,2014-11-03,58.51255
TGT,2014-11-04,58.36475
TGT,2014-11-05,58.64477
TGT,2014-11-06,58.42157
TGT,2014-12-01,58.44683
TGT,2014-12-02,58.48318
TGT,2014-12-03,58.52379
TGT,2014-12-04,58.38282
TGT,2014-12-05,58.45865
TGT,2014-12-06,58.72253
TXN,2014-01-01,45.2841
TXN,2014-01-02,45.2056
TXN,2014-01-03,45.25071
TXN,2014-01-04,45.4019
TXN,2014-01-05,45.34865
TXN,2014-01-06,45.07693
TXN,2014-01-07,45.35781
TXN,2014-01-13,45.31186
TXN,2014-01-14,45.23099
TXN,2014-01-15,45.39755
TXN,2014-01-16,45.15485
TXN,2014-01-17,45.18558
TXN,2014-01-18,45.27379
TXN,2014-01-19,45.36369
TXN,2014-01-20,45.3069
TXN,2014-01-21,45.3674
TXN,2014-01-22,45.34085
TXN,2014-01-23,45.27967
TXN,2014-01-24,45.3108
TXN,2014-01-25,45.29922
TXN,2014-01-26,45.33373
TXN,2014-01-27,45.2004
TXN,2014-01-28,45.29606
TXN,2014-01-29,45.32411
TXN,2014-01-30,45.21395
TXN,2014-01-31,45.20361
TXN,2014-02-01,45.43008
TXN,2014-02-02,45.37481
TXN,2014-02-03,45.4492
TXN,2014-02-04,45.43479
TXN,2014-02-05,45.43084
TXN,2014-02-06,45.17617
TXN,2014-02-07,45.21172
TXN,2014-02-13,45.37623
TXN,2014-02-14,45.11091
TXN,2014-02-15,45.41087
TXN,2014-02-16,45.08802
TXN,2014-02-17,45.38038
TXN,2014-02-18,45.31104
TXN,2014-02-19,45.3514
TXN,2014-02-20,45.26497
TXN,2014-02-21,45.23526
TXN,2014-02-22,45.41296
TXN,2014-02-23,45.23514
TXN,2014-02-24,45.36314
TXN,2014-02-25,45.3222
TXN,2014-02-26,45.32384
TXN,2014-02-27,45.32424
TXN,2014-02-28,45.2321
TXN,2014-03-01,45.186
TXN,2014-03-02,45.30111
TXN,2014-03-03,45.38299
TXN,2014-03-04,45.30364
TXN,2014-03-05,45.22657
TXN,2014-03-06,45.43108
TXN,2014-03-07,45.38834
TXN,2014-03-13,45.3705
TXN,2014-03-14,45.38945
TXN,2014-03-15,45.25233
TXN,2014-03-16,45.05551
TXN,2014-03-17,45.29321
TXN,2014-03-18,45.34234
TXN,2014-03-19,45.40887
TXN,2014-03-20,45.31187
TXN,2014-03-21,45.18845
TXN,2014-03-22,45.13315
TXN,2014-03-23,45.29232
TXN,2014-03-24,45.15999
TXN,2014-03-25,45.33199
TXN,2014-03-26,45.50138
TXN,2014-03-27,45.25701
TXN,2014-03-28,45.20677
TXN,2014-03-29,45.25034
TXN,2014-03-30,45.36818
TXN,2014-03-31,45.26241
TXN,2014-04-01,45.27255
TXN,2014-04-02,45.51626
TXN,2014-04-03,45.1848
TXN,2014-04-04,45.20962
TXN,2014-04-05,45.34442
TXN,2014-04-06,44.9759
TXN,2014-04-07,45.35148
TXN,2014-04-13,45.11873
TXN,2014-04-14,45.3897
TXN,2014-04-15,45.21554
TXN,2014-04-16,45.35023
TXN,2014-04-17,45.32443
TXN,2014-04-18,45.14425
TXN,2014-04-19,45.3293
TXN,2014-04-20,45.26398
TXN,2014-04-21,45.32322
TXN,2014-04-22,45.39819
TXN,2014-04-23,45.28562
TXN,2014-04-24,45.40807
TXN,2014-04-25,45.25388
TXN,2014-04-26,45.34729
TXN,2014-04-27,45.21975
TXN,2014-04-28,45.2583
TXN,2014-04-29,45.31264
TXN,2014-04-30,45.25885
TXN,2014-05-01,45.35757
TXN,2014-05-02,45.28311
TXN,2014-05-03,45.26781
TXN,2014-05-04,45.17158
TXN,2014-05-05,45.11848
TXN,2014-05-06,45.23048
TXN,2014-05-07,45.30101
TXN,2014-05-13,45.28895
TXN,2014-05-14,45.31584
TXN,2014-05-15,45.23005
TXN,2014-05-16,45.42847
TXN,2014-05-17,45.27428
TXN,2014-05-18,45.26561
TXN,2014-05-19,45.3008
TXN,2014-05-20,45.15721
TXN,2014-05-21,45.31823
TXN,2014-05-22,45.17309
TXN,2014-05-23,45.3008
TXN,2014-05-24,45.11404
TXN,2014-05-25,45.20381
TXN,2014-05-26,45.37493
TXN,2014-05-27,45.38578
TXN,2014-05-28,45.34488
TXN,2014-05-29,45.39357
TXN,2014-05-30,45.41009
TXN,2014-05-31,45.25017
TXN,2014-06-01,45.26696
TXN,2014-06-02,45.2888
TXN,2014-06-03,45.25552
TXN,2014-06-04,45.32379
TXN,2014-06-05,45.19614
TXN,2014-06-06,45.18816
TXN,2014-06-07,45.15752
TXN,2014-06-13,45.50078
TXN,2014-06-14,45.55425
TXN,2014-06-15,45.34118
TXN,2014-06-16,45.35079
TXN,2014-06-17,45.31557
TXN,2014-06-18,45.26432
TXN,2014-06-19,45.35377
TXN,2014-06-20,45.35748
TXN,2014-06-21,45.24461
TXN,2014-06-22,45.26298
TXN,2014-06-23,45.44456
TXN,2014-06-24,45.27958
TXN,2014-06-25,45.31333
TXN,2014-06-26,45.39202
TXN,2014-06-27,45.32586
TXN,2014-06-28,45.33136
TXN,2014-06-29,45.33484
TXN,2014-06-30,45.37093
TXN,2014-07-01,45.31175
TXN,2014-07-02,45.32432
TXN,2014-07-03,45.20408
TXN,2014-07-04,45.46639
TXN,2014-07-05,45.30361
TXN,2014-07-06,45.3324
TXN,2014-08-01,45.09641
TXN,2014-08-02,45.29815
TXN,2014-08-03,45.22343
TXN,2014-08-04,45.30419
TXN,2014-08-05,45.25639
TXN,2014-08-06,45.13701
TXN,2014-09-01,45.13405
TXN,2014-09-02,45.3475
TXN,2014-09-03,45.20146
TXN,2014-09-04,45.3694
TXN,2014-09-05,45.17496
TXN,2014-09-06,45.27611
TXN,2014-10-01,45.2305
TXN,2014-10-02,45.42497
TXN,2014-10-03,45.28748
TXN,2014-10-04,45.478
TXN,2014-10-05,45.31224
TXN,2014-10-06,45.48031
TXN,2014-11-01,45.25732
TXN,2014-11-02,45.33077
TXN,2014-11-03,45.40422
TXN,2014-11-04,45.29061
TXN,2014-11-05,45.3507
TXN,2014-11-06,45.2475
TXN,2014-12-01,45.36901
TXN,2014-12-02,45.20819
TXN,2014-12-03,45.22196
TXN,2014-12-04,45.21367
TXN,2014-12-05,45.21278
TXN,2014-12-06,45.48499
WMT,2014-01-01,73.77581
WMT,2014-01-02,73.8524
WMT,2014-01-03,73.76793
WMT,2014-01-04,73.84336
WMT,2014-01-05,73.73811
WMT,2014-01-06,73.60708
WMT,2014-01-07,73.88051
WMT,2014-01-13,73.73879
WMT,2014-01-14,73.9487
WMT,2014-01-15,73.82026
WMT,2014-01-16,73.59043
WMT,2014-01-17,73.97877
WMT,2014-01-18,74.01916
WMT,2014-01-19,73.60676
WMT,2014-01-20,73.85009
WMT,2014-01-21,73.62912
WMT,2014-01-22,73.7167
WMT,2014-01-23,73.66008
WMT,2014-01-24,73.61803
WMT,2014-01-25,73.61945
WMT,2014-01-26,73.6528
WMT,2014-01-27,73.72793
WMT,2014-01-28,73.84234
WMT,2014-01-29,73.67338
WMT,2014-01-30,74.03193
WMT,2014-01-31,73.81288
WMT,2014-02-01,73.7364
WMT,2014-02-02,73.73659
WMT,2014-02-03,73.70856
WMT,2014-02-04,73.87186
WMT,2014-02-05,73.75571
WMT,2014-02-06,73.68848
WMT,2014-02-07,73.8896
WMT,2014-02-13,73.82329
WMT,2014-02-14,74.08995
WMT,2014-02-15,73.74341
WMT,2014-02-16,73.76681
WMT,2014-02-17,73.65189
WMT,2014-02-18,73.82441
WMT,2014-02-19,73.77356
WMT,2014-02-20,73.97374
WMT,2014-02-21,73.89274
WMT,2014-02-22,73.72905
WMT,2014-02-23,73.85495
WMT,2014-02-24,73.79335
WMT,2014-02-25,73.65646
WMT,2014-02-26,73.78804
WMT,2014-02-27,73.86742
WMT,2014-02-28,73.52104
WMT,2014-03-01,73.96382
WMT,2014-03-02,73.78333
WMT,2014-03-03,73.78248
WMT,2014-03-04,73.75961
WMT,2014-03-05,73.96788
WMT,2014-03-06,73.82453
WMT,2014-03-07,73.81117
WMT,2014-03-13,73.58185
WMT,2014-03-14,73.78072
WMT,2014-03-15,73.75856
WMT,2014-03-16,73.81077
WMT,2014-03-17,73.77545
WMT,2014-03-18,73.77469
WMT,2014-03-19,73.94729
WMT,2014-03-20,73.65043
WMT,2014-03-21,73.84507
WMT,2014-03-22,73.65974
WMT,2014-03-23,73.84864
WMT,2014-03-24,73.73226
WMT,2014-03-25,73.71934
WMT,2014-03-26,73.80443
WMT,2014-03-27,73.79297
WMT,2014-03-28,73.59952
WMT,2014-03-29,73.88109
WMT,2014-03-30,73.88809
WMT,2014-03-31,73.73385
WMT,2014-04-01,73.81053
WMT,2014-04-02,73.73716
WMT,2014-04-03,73.9605
WMT,2014-04-04,73.8094
WMT,2014-04-05,73.75487
WMT,2014-04-06,73.7531
WMT,2014-04-07,73.61484
WMT,2014-04-13,73.82439
WMT,2014-04-14,73.74823
WMT,2014-04-15,73.90601
WMT,2014-04-16,73.72088
WMT,2014-04-17,73.94008
WMT,2014-04-18,73.80918
WMT,2014-04-19,73.88253
WMT,2014-04-20,73.87044
WMT,2014-04-21,73.74264
WMT,2014-04-22,73.68094
WMT,2014-04-23,73.90762
WMT,2014-04-24,73.82985
WMT,2014-04-25,73.85664
WMT,2014-04-26,73.86592
WMT,2014-04-27,73.7199
WMT,2014-04-28,73.73062
WMT,2014-04-29,73.78996
WMT,2014-04-30,73.84297
WMT,2014-05-01,73.59291
WMT,2014-05-02,73.7356
WMT,2014-05-03,73.83875
WMT,2014-05-04,73.92002
WMT,2014-05-05,73.82467
WMT,2014-05-06,73.8026
WMT,2014-05-07,73.66032
WMT,2014-05-13,73.67836
WMT,2014-05-14,73.55638
WMT,2014-05-15,73.75975
WMT,2014-05-16,73.75246
WMT,2014-05-17,73.64415
WMT,2014-05-18,73.92897
WMT,2014-05-19,73.78515
WMT,2014-05-20,73.72528
WMT,2014-05-21,73.67111
WMT,2014-05-22,73.74437
WMT,2014-05-23,73.93214
WMT,2014-05-24,73.9891
WMT,2014-05-25,73.97945
WMT,2014-05-26,73.68868
WMT,2014-05-27,73.78194
WMT,2014-05-28,73.7212
WMT,2014-05-29,73.77141
WMT,2014-05-30,73.71264
WMT,2014-05-31,73.77716
WMT,2014-06-01,73.86753
WMT,2014-06-02,73.70216
WMT,2014-06-03,73.65736
WMT,2014-06-04,73.73589
WMT,2014-06-05,73.74011
WMT,2014-06-06,73.82482
WMT,2014-06-07,73.67904
WMT,2014-06-13,73.82736
WMT,2014-06-14,73.67112
WMT,2014-06-15,73.79367
WMT,2014-06-16,73.88051
WMT,2014-06-17,73.69327
WMT,2014-06-18,73.83598
WMT,2014-06-19,73.85633
WMT,2014-06-20,73.78972
WMT,2014-06-21,73.89594
WMT,2014-06-22,73.81644
WMT,2014-06-23,73.93121
WMT,2014-06-24,73.65812
WMT,2014-06-25,73.86688
WMT,2014-06-26,73.66506
WMT,2014-06-27,73.75702
WMT,2014-06-28,73.63882
WMT,2014-06-29,73.73634
WMT,2014-06-30,73.78192
WMT,2014-07-01,73.80989
WMT,2014-07-02,73.88074
WMT,2014-07-03,73.71886
WMT,2014-07-04,73.86857
WMT,2014-07-05,73.65874
WMT,2014-07-06,73.6593
WMT,2014-08-01,73.79021
WMT,2014-08-02,73.80227
WMT,2014-08-03,73.67976
WMT,2014-08-04,73.68153
WMT,2014-08-05,73.9142
WMT,2014-08-06,73.71737
WMT,2014-09-01,73.85177
WMT,2014-09-02,73.76452
WMT,2014-09-03,73.78048
WMT,2014-09-04,73.80763
WMT,2014-09-05,73.67471
WMT,2014-09-06,73.88332
WMT,2014-10-01,73.66095
WMT,2014-10-02,73.98028
WMT,2014-10-03,73.75091
WMT,2014-10-04,73.85951
WMT,2014-10-05,74.05428
WMT,2014-10-06,73.9293
WMT,2014-11-01,73.92528
WMT,2014-11-02,73.74674
WMT,2014-11-03,73.73071
WMT,2014-11-04,73.75241
WMT,2014-11-05,73.79318
WMT,2014-11-06,73.85316
WMT,2014-12-01,73.73487
WMT,2014-12-02,73.57176
WMT,2014-12-03,73.88745
WMT,2014-12-04,73.76206
WMT,2014-12-05,73.68894
WMT,2014-12-06,73.78186
